식품명,칼로리,단백질,지방,탄수화물,당류,나트륨(mg),콜레스테롤(mg),포화지방산(g),트랜스지방산(g),탄수화물_cluster,단백질_cluster,지방_cluster,당류_cluster,칼로리_cluster
가래떡,195,3.92,0.51,43.73,0,241,0,0.19,0,2,0,0,0,1
가오리찜,102,21.99,1.39,0.46,0.06,151,91.28,0.26,0,0,2,0,0,0
가오리콩나물찜,29,2.68,0.84,3.5,0.69,111,4.13,0.15,,0,0,0,0,0
가오리회무침,47,4.7,0.47,6.47,3.54,164,16.06,0.09,,0,0,0,0,0
가자미 매운탕,31,4.4,0.81,1.5,0.36,113,18,0.14,,0,0,0,0,0
가자미구이,150,14.69,7.8,3.85,0.03,291,63.9,1.22,,0,1,1,0,1
가자미식해,134,11.09,4.81,11.64,3.71,685,73.81,0.7,0.03,0,1,0,0,1
가자미조림,87,12.2,2.52,3.64,0.82,345,48.94,0.43,,0,1,0,0,0
가자미찜,78,11.8,1.95,2.79,0.83,345,49.28,0.34,,0,1,0,0,0
가자미튀김,94,5.1,6.54,2.89,0,215,21.52,0.99,,0,0,1,0,0
가죽나물무침,76,5.83,1.35,10.05,3.81,276,0,0.19,0.01,0,0,0,0,0
가지김치,36,2.1,0.77,6.22,2.45,1592,5.54,0.15,,0,0,0,0,0
가지나물,36.6,1.484,1.52,4.834,2.172,306.2,0,0.24,0,0,0,0,0,0
가지냉국,19,1.1,0.39,3.42,1.4,654,0,0.08,,0,0,0,0,0
가지볶음,35,0.9,2.17,3.36,1.55,207,0.01,0.33,,0,0,0,0,0
가지전,85,2.816,4.704,7.736,1.064,355,36.396,0.928,0.1,0,0,0,0,0
가지찜,120,5.6,6.26,10.225,2.64,401.5,15.81,2.345,,0,0,1,0,1
가지탕수,159.6666667,2.266666667,6.746666667,21.99333333,4.346666667,244.6666667,0,1.026666667,,1,0,1,0,1
간자장,135.6666667,4.65,3.696666667,20.58666667,1.853333333,406,6.303333333,0.966666667,0.035,1,0,0,0,1
간재미회무침,47,4.73,0.47,6.47,3.57,164,16.06,0.09,,0,0,0,0,0
갈매기살구이,312,26.98,22.6,0.28,0,124,96.84,9.82,0.05,0,2,2,0,2
돼지갈비구이,294,19.58,21.39,5.78,5.7,389,59.95,7.61,0.09,0,2,2,1,2
소갈비구이,275,23.425,18.18,4.36,3.475,424.5,71.61,6.9,0.41,0,2,2,0,2
양념소갈비구이,330,20.03,23.87,8.73,4.63,459,62.21,9.07,1.17,0,2,2,0,2
양념돼지갈비구이,321,18.07,23.53,9.13,4.53,366,39.01,8.67,1.47,0,1,2,0,2
돼지갈비찜,172,20.43,6.57,7.9,3.57,380,54.43,2.67,0.17,0,2,1,0,1
소갈비찜,141.5,13.595,6.975,6.105,1.24,286.5,44.985,2.49,0.265,0,1,1,0,1
갈비탕,50,3.88,2.96,1.65,0.16,128.6,15.054,1.056,0.06,0,0,0,0,0
갈치구이,128.5,10.355,7.86,3.0475,0.03,302.25,39.24,1.7425,,0,1,1,0,1
갈치젓,149,15.53,5.08,10.28,4.91,5023,112.27,1.87,0.03,0,1,0,0,1
갈치조림,86.33333333,8.07,3.433333333,5.5,2.036666667,275.6666667,28.11,0.926666667,,0,1,0,0,0
갈치찌개,40.25,4.2975,1.4225,2.425,0.83,212.75,13.25,0.3925,0,0,0,0,0,0
갈치튀김,78,4.6,5.47,1.85,0,172,17.96,1.06,,0,0,0,0,0
감바스 알 아히요,303.6666667,8.81,22.25,17.11666667,1.566666667,555,25.92333333,3.313333333,0.066666667,1,1,2,0,2
감자 된장국,32,2.4,0.77,4,0.36,207,5.18,0.13,,0,0,0,0,0
감자 소고기찌개,50.66666667,3.333333333,2.39,3.97,0.67,288.3333333,6.59,0.663333333,,0,0,0,0,0
감자 호박된장국,25,2.1,0.43,3.51,0.55,377,9.39,0.09,,0,0,0,0,0
찐감자,70,2.16,0.16,15.01,0.86,3,0,0.03,0,1,0,0,0,0
감자구이,100.75,1.8825,3.9225,14.7125,0.6375,81.5,2.515,1.02,,1,0,0,0,0
감자국,38,2.05,1.5,4.03,0.13,91,5.22,0.465,,0,0,0,0,0
감자그라탕,137.3333333,3.733333333,7.283333333,14.41333333,2.056666667,357,4.686666667,1.806666667,,1,0,1,0,1
감자밥,130,2.4,0.14,28.45,0.01,2,0,0.05,,1,0,0,0,1
감자범벅,94.33333333,2.3,0.05,21.71,4.2,599,0,0.04,,1,0,0,0,0
감자볶음,61.6,1.31,2.016,9.648,0.826,191.8,0,0.294,0.03,0,0,0,0,0
감자볶음,47,2.6,1.75,5.29,0.44,162,4.92,0.36,,0,0,0,0,0
감자샐러드,162,2.725,10.0575,15.605,3.115,310,14.7725,1.5925,,1,0,1,0,1
감자샐러드 샌드위치,108.3333333,3.066666667,4.753333333,13.45666667,2.27,216.6666667,24.92333333,1.213333333,,1,0,0,0,0
감자스프,90.33333333,2.833333333,4.41,9.44,2.643333333,20,12.54666667,2.536666667,,0,0,0,0,0
감자연근튀김,149,3.8,4.31,22.74,0.38,405,42.18,0.85,,1,0,0,0,1
감자전,88.6,1.88,3.604,11.984,0.486,161.6,9.704,0.574,0.05,0,0,0,0,0
감자조림,95.8,2.076,2.616,16.28,3.258,313.4,0,0.38,0.02,1,0,0,0,0
감자탕,56.2,4.37,2.92,3.272,0.384,194,16.696,0.752,0.01,0,0,0,0,0
감자튀김,149.2,2.51,7.054,19.094,0.074,338.8,0,1.214,0.07,1,0,1,0,1
몬스터 치즈 프라이,269,5.54,17.74,21.78,3.56,334,11.18,3.37,0.08,1,0,2,0,2
웨지감자,176,3.47,9.58,32.25,1.635,486.5,0.02,0.87,0,1,0,1,0,1
갑오징어무침,50,5.31,0.74,5.89,3.06,225,94.82,0.12,,0,0,0,0,0
갓김치,37,3.26,0.4,7.07,2.46,720,0,0.08,0.01,0,0,0,0,0
강낭콩밥,111.5,2.25,0.245,24.1,0.075,1.5,0,0.075,,1,0,0,0,1
개고기 수육,226,15.8,17.15,3.1,0.1,54,32.25,3.45,,0,1,1,0,1
개고기무침,121,7.63,8.82,3.76,0.9,111,13.49,1.64,,0,1,1,0,1
개고기전골,74,5.56,5.03,2.35,0.53,109,8.91,1.02,,0,0,0,0,0
개피떡(바람떡),206,5.32,0.81,44.3,7.62,286,0,0.26,0.01,2,0,0,1,1
건갈치조림,96,11.2,3.68,3.68,1.9,1051,45.24,1,,0,1,0,0,0
건꼴뚜기조림,288,29.4,13.55,10.14,1.55,1038,513.3,1.96,,0,2,1,0,2
건새우 미역국,27.25,3.8,1.035,0.9475,0,361.5,22.55,0.17,,0,0,0,0,0
건새우볶음,71,7.11,2.3,5.65,1.46,510,41.92,0.37,,0,0,0,0,0
건표고버섯볶음,37,2.03,1.99,7.51,0.66,146,0.01,0.23,,0,0,0,0,0
검정콩밥,124.5,2.95,0.6725,25.535,0.295,1,0,0.1425,,1,0,0,0,1
배추겉절이,55,2.28,2.14,6.58,1.3,328,2.9,0.42,0.06,0,0,0,0,0
게국지,38,4.08,1.1,2.88,0.98,368,35.29,0.18,0.02,0,0,0,0,0
게맛살튀김,213,6.1,8.61,26.31,1.57,440,24.1,1.41,,1,0,1,0,1
게살죽,71,2.24,0.89,13.42,0.02,182,6.27,0.26,0.01,1,0,0,0,0
간장게장,88,12.25,2.31,4.47,2.93,910,140.73,0.63,0.07,0,1,0,0,0
양념게장,111,12.24,3.3,8.07,4.93,607,61.44,0.25,0.01,0,1,0,0,1
게조림,57,11.55,0.495,0.895,0.385,410,21.045,0.12,,0,1,0,0,0
겨자채,124,6.35,8.82,4.145,2.48,323,49.39,3.39,,0,0,1,0,1
넛츠앤푸르츠,550,17.5,37.5,37.5,17.5,5,0,3.75,0,2,1,2,1,2
깨경단,279.5,5.36,3.63,56.4,13.625,191.5,0,0.725,0,2,0,0,1,2
콩경단,314,3.51,0.46,74.03,20.55,226,0,0.19,0,2,0,0,1,2
계란 덮밥,154,4.6775,4.0525,23.755,1.275,135,51.2075,1.075,0.01,1,0,0,0,1
계란빵,158,5.966666667,1.93,27.37333333,1.356666667,192.3333333,62.36333333,0.6,,1,0,0,0,1
삶은고구마,132,2.45,0.12,30.17,18.43,79,0,0.02,0,1,0,0,1,1
찐고구마,139,1.67,0.24,32.47,16.32,10,0,0.05,0.01,1,0,0,1,1
고구마깻잎튀김,169,2.6,4,29.95,4.94,354,21.97,0.72,,1,0,0,0,1
고구마맛탕,179.8,0.944,4.328,34.31,11.818,17.6,0,0.682,0,1,0,0,1,1
고구마밥,139,2.3,0.35,30.45,1.6,2,0,0.1,,1,0,0,0,1
고구마전,227,2.92,7.98,35.99,14.26,87,0,1.19,0.06,2,0,1,1,1
고구마조림,167,2.5,0.596666667,38.57666667,11.03666667,842,0,0.123333333,,2,0,0,1,1
고구마줄기나물,39,1.5,2.09,3.93,0.21,129,0.02,0.2,,0,0,0,0,0
고구마튀김,210.8,2.3,8.246,31.198,6.3,62,16.016,1.298,0.05,1,0,1,1,1
고기만두,103.5,6,2.0275,14.4575,0.1325,201.25,5.8925,0.4325,,1,0,0,0,0
고들빼기김치,83.33333333,3,1.086666667,15.32333333,4.736666667,994.6666667,3.283333333,0.13,0,1,0,0,0,0
고등어구이,174.75,11.9675,11.8075,4.11,0,219.25,34.0975,2.85,,0,1,1,0,1
고등어조림,94,8.4,4.27,5.02,2.02,310,22.26,1.09,,0,1,0,0,0
고등어찌개,58.66666667,5.05,3,2.77,1.01,272.3333333,14.97,0.68,0.05,0,0,0,0,0
고등어찜,92,8.6,4.88,3.21,1.02,159,22.36,1.15,,0,1,0,0,0
고등어튀김,157,8.633333333,10.98,4.523333333,0.06,351,31.13,2.193333333,,0,1,1,0,1
고디국(다슬기맑은국),17,1.4,0.71,1.576666667,0.23,96,1.02,0.07,,0,0,0,0,0
고사리나물,44,2.4,2.9375,3.155,0.2675,627.75,0.0025,0.475,,0,0,0,0,0
고사리나물무침,90,3.78,5.52,6.28,0.5,441,0,0.7,0.02,0,0,0,0,0
고추잡채,75.66666667,6.023333333,3.796666667,4.523333333,1.693333333,195.6666667,18.37666667,0.923333333,,0,0,0,0,0
고추잡채 꽃빵키트,168,6.76,5.62,22.5,4.77,199,9.81,1.21,0.04,1,0,0,0,1
고추장볶음,335.6666667,9.186666667,18.31333333,37.12,15.96666667,1612,27.66333333,4.903333333,,2,1,2,1,2
고추장아찌,124,2.39,0.63,31.49,11.38,2026,0,0.11,0,1,0,0,1,1
고추장아찌 무침,62,1.5,0.9,13.91,4.8,697,0,0.15,,1,0,0,0,0
고추장찌개,52.5,4.225,1.7,5.565,1.315,182.5,5.815,0.445,,0,0,0,0,0
고추전,208.5,10.305,13.02,13.525,1.155,143,72.475,2.845,0.06,1,1,1,0,1
고추조림,63.66666667,2.366666667,2.166666667,9.06,3.113333333,534.3333333,2.37,0.3,0,0,0,0,0,0
고추튀김,203.75,6.025,9.625,22.35,1.1675,261.5,42.2025,1.805,0.1,1,0,1,0,1
고춧가루 양념장,140,5.9,7.19,14.39,1.95,1416,0,1.12,,1,0,1,0,1
고춧잎나물,68.25,4.925,2.635,8.89,0.3375,282.5,0,0.4625,,0,0,0,0,0
고춧잎나물무침,88,4.41,4.69,7.14,1.51,797,0,0.74,0.09,0,0,0,0,0
곤드레나물밥,149,2.94,2.71,28.26,0,26,0,0.26,0,1,0,0,0,1
곤약무침_마요네즈,83,0.7,7.7,3.62,1.12,119,2.79,1.15,,0,0,1,0,0
곤약조림,37,0.95,1.725,6.18,1.7775,285.5,0,0.27,,0,0,0,0,0
골뱅이무침,87,5.01,0.71,15.19,4.01,379,12.06,0.13,,1,0,0,0,0
곰치국,42,5.43,1.18,2.39,0.28,380,47.65,0.14,0.01,0,0,0,0,0
곰탕,65,4.366666667,2.528333333,5.733333333,0.281666667,270.5,11.53333333,0.811666667,0.04,0,0,0,0,0
소곱창구이,184,14.89,11.73,4.71,1.11,1315,196.11,4.11,0.31,0,1,1,0,1
돼지곱창볶음,156,8.465,6.685,16.165,4.93,406.5,81.03,2.29,0.01,1,1,1,0,1
곱창전골,47,3.57,2.61,2.66,0.77,111,42.7,0.71,,0,0,0,0,0
대한곱창 곱창전골,140,5.79,9.11,8.65,1.08,320,38.93,4.28,0.08,0,0,1,0,1
소곱창순대전골,75,3.95,2.82,8.36,1.98,334,37.73,0.66,0.05,0,0,0,0,0
곱창전골_소고기,88,6.93,4.55,4.87,0.38,297,75.53,1.38,0.08,0,0,0,0,0
과일샐러드,87.5,0.5775,5.37,10.2175,7.7725,37.75,1.685,0.7975,,0,0,0,1,0
광어 매운탕,62.5,8.95,1.74,2.77,0.69,54.5,12.28,0.265,,0,1,0,0,0
굴국밥,105,6.52,2.74,13.6,0.05,252,79.75,0.6,0.02,1,0,0,0,0
돼지국밥,76,5.53,3.22,6.23,0,91,11.88,0.7,0.02,0,0,0,0,0
돼지머리국밥,137,6.7,5.16,15.94,0.16,181,23.82,1.47,0.03,1,0,0,0,1
소고기국밥,47,3.11,1.16,6.09,0.4,255,5.98,0.33,0.01,0,0,0,0,0
순대국밥,75,3.17,2.28,10.38,0.17,126,48.69,1.26,0.01,0,0,0,0,0
콩나물국밥,52,1.45,0.24,10.93,0,172,0,0.12,0,0,0,0,0,0
김치말이국수,50,2.15,0.8,8.67,1.38,354,14.83,0.18,0,0,0,0,0,0
막국수,95,3.9,1.095,17.44,2.91,365.5,4.925,0.28,0.01,1,0,0,0,0
비빔국수,102,3.01,0.95,20.47,4.11,239,1.01,0.2,0,1,0,0,0,0
열무국수,75.5,2.52,1.405,12.65,1.1475,305.75,10.4825,0.255,0.01,0,0,0,0,0
잔치국수,44,1.93,0.49,8.05,0.04,216,0.6,0.16,0,0,0,0,0,0
쟁반막국수,119,6.68,4.56,12.81,8.12,513,18.97,0.88,0.04,0,0,0,1,1
국수전골,88,3.4,1.83,14.56,1.09,298,3.89,0.47,,1,0,0,0,0
군만두,219,8.5,9.25,25.22,0.44,237,6.66,2.67,,1,1,1,0,1
굴 두부찌개,21,2.2,0.66,1.48,0.44,98,4.11,0.1,,0,0,0,0,0
굴 미역국,16,1.9,0.47,1.9,0.12,382,1.46,0.09,,0,0,0,0,0
굴국,18.33333333,2,0.66,0.976666667,0.14,216,2.276666667,0.106666667,,0,0,0,0,0
굴무침,77,6.68,2.31,7.3,2.74,204,28.38,0.61,0.03,0,0,0,0,0
굴밥,122,4.3,1.95,21.44,0.66,126,10.38,0.36,,1,0,0,0,1
굴비구이,392,43.41,22.28,0.726666667,0,402.3333333,147.15,4.873333333,,0,2,2,0,2
굴전,177,9.583333333,9.44,12.67333333,1.02,289,84.48333333,1.753333333,0.1,0,1,1,0,1
굴죽,107,2.4,2.99,16.76,0.19,196,1.12,0.48,,1,0,0,0,0
굴찜,142,11.3,4.04,15.7,7.17,923,32.76,0.61,,1,1,0,1,1
귀리밥,162,3.9,0.87,34.54,0.09,0,0,0.16,0,1,0,0,0,1
근대 된장국,12,0.925,0.31,1.6625,0.3275,214,0.0675,0.05,,0,0,0,0,0
근대나물,53,2.5,2.86,5.445,0.485,592,0,0.45,,0,0,0,0,0
기스면,61,3.78,1.07,8.98,0.05,276,41.65,0.21,0,0,0,0,0,0
기장밥,130.4,2.528,0.292,28.432,0.044,1.8,0,0.066,0,1,0,0,0,1
롤링넛츠,329,6,15.9,40.4,9.1,225,,11,,2,0,1,1,2
우리쌀 막걸리로 만든 초당옥수수빵,206,4.85,0.79,44.85,13.33,333,0,0,0,2,0,0,1,1
카라멜아몬드,450,10.7,24.9,45.8,12.1,256,,6.3,,2,1,2,1,2
기피편,220,5.45,0.25,48.99,2.08,281,0,0.13,0,2,0,0,0,1
조미김,470,20.4,30.2,29,0.2,4011,0,3,0.2,1,2,2,0,2
김국,13.5,0.9,0.27,2.305,0.26,116.5,10.16,0.085,,0,0,0,0,0
김말이튀김,161.3333333,1.455,6.723333333,23.64333333,0.508333333,262.5,10.24,0.973333333,0.075,1,0,1,0,1
김무침,142.6666667,12.07,7.076666667,13.52,3.13,632.3333333,0,0.93,0.07,1,1,1,0,1
계란김밥,98,4.3,2.22,14.675,0.705,147.5,54.515,0.605,,1,0,0,0,0
고추김밥,94,3.2,1.63,16.5,0.65,152,18.31,0.37,,1,0,0,0,0
김치김밥,119.5,3.95,2.86,19.23,0.6,291.5,33.905,0.725,0.02,1,0,0,0,1
날치알김밥,140.5,5.15,3.08,22.97,0.97,276,51.2,0.8,0.03,1,0,0,0,1
돈가스김밥,175,5.085,5.72,25.52,1.18,233,16.13,1.185,0.04,1,0,0,0,1
멸치고추김밥,122,5.6,1.79,20.5,0.93,280,37.74,0.44,,1,0,0,0,1
소고기김밥,139.25,5.2375,3.545,21.2825,0.5425,256.25,30.3225,1.02,0.105,1,0,0,0,1
참치김밥,145.8,6.008,4.856,19.206,0.842,254.4,27.45,0.868,0.045,1,0,0,0,1
야채김밥,113.8,3.68,2.07,19.776,0.5,183.4,21.568,0.528,0.02,1,0,0,0,1
치즈김밥,149.5,5.42,4.995,20.38,0.405,195,30.36,1.85,0.13,1,0,0,0,1
김부각,329.3333333,11.83333333,14.96666667,43.61666667,0.643333333,271.3333333,0,2.276666667,,2,1,1,0,2
김치 고기만두,294,16.2,5.25,42.38666667,1.44,552,23.01666667,1.26,,2,1,0,0,2
김치 돼지고기볶음,113,8.1,6.61,4.26,2.27,294,24.12,2.44,,0,1,1,0,1
김치 된장국,15,1.1,0.38,1.97,0.71,239,0.99,0.06,,0,0,0,0,0
김치 볶음밥,129.5,3.8,2.74,21.495,1.01,152.5,6.495,0.575,,1,0,0,0,1
김치 청국장찌개,29.5,2.6,0.81,3.12,0.735,194,1.42,0.165,,0,0,0,0,0
김치 콩나물국,10.25,1.075,0.225,1.2725,0.3925,210.75,4.825,0.045,,0,0,0,0,0
김치국,11,1.015,0.29,1.515,0.415,168,0,0.05,,0,0,0,0,0
김치만두,73.75,5.125,1.9,8.375,0.405,278,9.4,0.41,,0,0,0,0,0
김치볶음,56,1.316,3.264,5.314,2.884,394.6,0.932,0.404,0.08,0,0,0,0,0
김치순두부,42,4.7,1.8,1.54,0.86,107,5.3,0.44,,0,0,0,0,0
김치전,162,5.5,5.81,20.48,2.08,496,31.73,1.08,,1,0,0,0,1
김치전골,56.5,3.06,2.625,5.295,0.795,185.5,5.695,0.45,0.01,0,0,0,0,0
꽁치김치찌개,56.5,4.91,2.975,2.525,0.7425,248,18.0925,0.565,0.72,0,0,0,0,0
돼지고기김치찌개,46.25,4.1525,2.1475,2.5775,0.73,228.75,8.18,0.56,0.01,0,0,0,0,0
참치김치찌개,41.4,4.314,1.59,2.46,0.736,280,5.36,0.168,0.03,0,0,0,0,0
돼지고기 김치찜,97,10.14,3.67,5.75,2.84,412,29.23,1.2,0.02,0,1,0,0,0
돼지고기 묵은지찜,52,4.9,2.26,2.99,0.71,488,15.79,0.77,0.02,0,0,0,0,0
깍두기,32,1.34,0.513333333,5.7,2.34,743.6666667,1.993333333,0.043333333,0,0,0,0,0,0
깐쇼새우,150,7.9,6.28,14.7,5.31,266,65.29,1.25,,1,1,1,1,1
깐풍기,164.5,15.35,6.5925,9.3725,1.0225,518,54.0375,1.0725,,0,1,1,0,1
깐풍새우,240,8.15,13.86,20.56,7.2,531,61.48,2.04,0.1,1,1,1,1,1
깨죽,64,1.71,1.99,9.91,0.45,145,0,0.35,0,0,0,0,0,0
깨찰빵,373,3.64,12.73,63.64,7.27,655,72.73,4.91,0,2,0,1,1,2
깻잎김치,55.2,3.132,1.466,8.504,2.79,1400,0.892,0.228,0.005,0,0,0,0,0
깻잎나물,69,2.885,4.253333333,5.695,0.863333333,316,0.105,0.598333333,0.1,0,0,0,0,0
깻잎나물볶음,103,3.75,7.2,5.75,0.3,521,0,0.85,0.05,0,0,1,0,0
깻잎장아찌,65,3.7,0.72,12.9,5.28,520,0,0.15,,0,0,0,1,0
깻잎전,185.5,9.905,10.2775,12.505,0.2025,578.5,74.2075,2.1775,0.1,0,1,1,0,1
깻잎찜,67.66666667,3.481666667,2.68,8.258333333,2.228333333,586.6666667,0.901666667,0.345,0.025,0,0,0,0,0
깻잎튀김,206.6666667,5.933333333,11.75666667,18.40666667,0.096666667,560,89.01666667,2.166666667,,1,0,1,0,1
껍질콩볶음,98,3.3,5.08,9.35,2.53,207,4.12,0.78,,0,0,0,0,0
꼬리곰탕,76.5,4.6,4.16,4.64,0.54,248,15.16,1.235,,0,0,0,0,0
꼬막무침,107,8.34,4.72,7.69,4.28,516,29.88,0.64,0.03,0,1,0,0,0
꼬막찜,82.33333333,9.78,1.65,7.163333333,2.86,733.3333333,21.03,0.343333333,0.04,0,1,0,0,0
닭꼬치구이,245,17.85,14.7,10.35,1.66,417,76.62,4.16,0.13,0,1,1,0,1
낙지꼬치구치,94,16.43,1.59,3.53,0,259,167.18,0.17,0.01,0,1,0,0,0
꽁치구이,163.6666667,18.81,8.263333333,1.926666667,0,386.6666667,56.49,1.34,,0,2,1,0,1
꽁치조림_무,83,9.1,2.54,5.73,2.26,321,24.49,0.46,,0,1,0,0,0
꽁치찌개,118,8,7.77,4.07,1.97,432,21.11,1.63,0.97,0,1,1,0,1
꽁치튀김,105,5.3,7.84,2.4,0,222,16.55,1.205,,0,0,1,0,0
꽃게 매운탕,31,5.7,0.27,1.3,0.59,169,10.43,0.06,,0,0,0,0,0
꽃게찜,52,5.9,1.33,5.1,0.91,217,12.52,0.21,,0,0,0,0,0
꽃게콩나물찜,52,5.86,1.34,5.1,0.91,209,12.62,0.21,,0,0,0,0,0
꽃게탕_간편조리세트_3마리꽃게탕,26,2.58,0.62,2.47,1.14,384,7.75,0.04,0,0,0,0,0,0
꽈리고추 오징어조림,135,14.3,5.67,6.39,3.45,388,182.89,0.98,,0,1,0,0,1
꽈리고추볶음,145,2.4,9.86,12.59,2.77,427,0,1.47,,0,0,1,0,1
꽈리고추찜,60.33333333,2.123333333,1.176666667,10.58333333,0.75,208.6666667,0.003333333,0.203333333,0.01,0,0,0,0,0
꿀떡,228,3.74,1.73,49.48,0.29,275,0,0.3,0,2,0,0,0,1
꿩불고기,74,6.7,1.7,7.94,3.38,253,21.24,0.38,0.02,0,0,0,0,0
나박김치,10,0.46,0.38,1.15,0.34,377,0,0.02,0,0,0,0,0,0
통등심가스나베,170,5.41,9.52,15.71,3.53,413,39.77,1.46,0.06,1,0,1,0,1
나폴리탄 스파게티,116,3.6,1.38,22.5,3.81,206,0.98,0.29,,1,0,0,0,1
낙지 덮밥,92,4.033333333,1.246666667,15.88,2.153333333,159.6666667,11.93333333,0.216666667,,1,0,0,0,0
낙지 비빔밥,88,4.3,1.31,14.72,1.25,176,9.72,0.24,,1,0,0,0,0
낙지 삼겹살 볶음,151,9.1,10.55,3.73,1.88,341,24.99,4.07,,0,1,1,0,1
낙지무침,65,10.53666667,0.66,4.32,1.066666667,414.6666667,52.93333333,0.09,0,0,1,0,0,0
낙지볶음,102,8.814,3.626,8.98,6.018,697,17.58,0.516,0.02,0,1,0,1,0
낙지전골,43,5.345,0.87,3.64,0.48,341,27.965,0.235,0.02,0,0,0,0,0
낙곱새,88,5.47,1.64,12.88,3.19,725,35.54,0.57,0.05,0,0,0,0,0
낙지찜,74,5.47,4.31,3.81,0.89,217,35.53,0.67,,0,0,0,0,0
낙지탕,31,4.9,0.53,1.73,0.32,284,48.74,0.07,0,0,0,0,0,0
낙지탕(맑은탕),16,3,0.16,0.8,0.26,142,6.92,0.02,,0,0,0,0,0
난자완스,188.3333333,8.836666667,12.38333333,10.03,0.663333333,355,44.4,4.003333333,0.12,0,1,1,0,1
내장전골,58,5.41,2.88,2.89,0.72,128,51.72,0.84,,0,0,0,0,0
내장탕,52,4.01,3.25,1.635,0.26,256.5,48.035,1.13,0.01,0,0,0,0,0
오이미역냉국,6,0.37,0.15,0.85,0.69,327,0,0.01,0,0,0,0,0,0
물냉면,72.33333333,2.53,0.65,13.90666667,2.486666667,235,12.50666667,0.18,0,1,0,0,0,0
비빔냉면,115.5,4.55,3.125,17.225,3.905,244,30,0.525,0.01,1,0,0,0,1
열무냉면,66,2.61,0.72,12.19,3.39,394,8.47,0.17,0,0,0,0,0,0
회냉면,148,5.81,4.02,22.21,2.84,99,8.88,0.27,0,1,0,0,0,1
냉이 된장국,16.5,1.525,0.4175,2.0025,0.4675,210,2.3775,0.07,,0,0,0,0,0
냉이나물,72,3.71,1.965,10.57,5.815,450,0.005,0.31,0.03,0,0,0,1,0
냉이초나물,77,4.2,2.47,12.32,2.92,261,0,0.41,,0,0,0,0,0
냉채_닭고기,90,13.08,1.95,5,4.8,151,46.32,0.5,0.01,0,1,0,0,0
냉채_해파리,61,4.13,0.93,8.93,7.6,339,26.89,0.2,0,0,0,0,1,0
넙치(광어)회덮밥,77,4.27,1.06,12.64,1.92,85,7.03,0.16,,0,0,0,0,0
넙치구이,116,13.6,6.33,0.03,0,615,25.28,0.91,,0,1,1,0,1
노각무침,45.6,1.586,1.552,7.33,3.638,751,0,0.234,0,0,0,0,0,0
녹두빈대떡,200.4,10.068,6.964,23.94,0.742,206.8,8.178,1.384,0.06,1,1,1,0,1
녹두전,92,5,4.223333333,8.41,0.183333333,22.66666667,3.386666667,0.726666667,,0,0,0,0,0
누룽지,87,1.5,0.06,19.17,0.24,1,0,0.02,,1,0,0,0,0
느타리버섯 구이,60,2.1,4.44,5.75,1.53,372,0,0.67,,0,0,0,0,0
느타리버섯무침,39,2.16,1.52,6.75,2.6,297,0,0.22,,0,0,0,0,0
느타리버섯볶음,66.33333333,2.136666667,4.753333333,4.683333333,1.726666667,283,0.39,0.623333333,0.02,0,0,0,0,0
느타리버섯튀김,212,5.933333333,12.72,17.94666667,0.313333333,556.6666667,92.68,2.31,,1,0,1,0,1
다슬기 된장국,22.66666667,2.1,0.676666667,2.56,0.42,130.6666667,1.566666667,0.08,,0,0,0,0,0
다시마무침,57.25,2.9675,2.8175,6.935,0.7225,1069.75,3.2575,0.455,0,0,0,0,0,0
다시마조림,60.5,3.1,3.37,6.99,0.965,509.5,0,0.515,,0,0,0,0,0
다시마튀각,313.3333333,3.646666667,22.81666667,25.77,11.05666667,780.6666667,0,3.42,0.32,1,0,2,1,2
다쿠아즈,447,8.33,26.65,43.39,38.13,51,39.99,12.93,0.23,2,1,2,2,2
단무지,13,0.33,0.2,2.4,0.47,552,0,0.03,0,0,0,0,0,0
단무지무침,32.8,0.828,1.378,4.472,1.46,599.2,0,0.212,0,0,0,0,0,0
단호박 샐러드,125,1.2,9.28,10.27,3.45,84,5.57,1.36,,0,0,1,0,1
단호박조림,80.33333333,2.5,1.056666667,17.24666667,4.99,922,0,0.186666667,,1,0,0,0,0
단호박찜,41,0.93,0.16,10.04,3.63,2,0,0.03,,0,0,0,0,0
달걀 샐러드,139.6666667,5.633333333,10.38333333,5.71,0.753333333,189.6666667,84.45,2.11,,0,0,1,0,1
달걀_삶은것,150,12.8,10.65,0.63,0.62,127,380.51,3.02,0.03,0,1,1,0,1
달걀국,21.33333333,1.825,1.145,0.863333333,0.208333333,218.3333333,43.88833333,0.375,0.005,0,0,0,0,0
달걀말이,176.75,12.4025,12.9575,1.46,0.51,676.5,272.675,3.1,0.08,0,1,1,0,1
달걀부침(달걀후라이),181.5,11.9225,12.7675,3.5075,0.15,269.75,293.135,3.25,0.1,0,1,1,0,1
달걀조림,90.25,7.4025,4.0225,5.3475,2.4,505.75,158.2575,1.3225,,0,1,0,0,0
달걀찜,119,11.1,7.01,1.66,0.62,871,255.67,2.19,,0,1,1,0,1
달걀튀김,256,10.2,16.26,14.74,0.58,121,190.8,3.31,,1,1,1,0,2
달걀후라이,181,11,13.105,3.06,0.195,262,290.895,3.235,,0,1,1,0,1
달래 된장국,38.5,3,1.85,2.56,0.795,188,3.835,0.46,,0,0,0,0,0
달래무침,67.6,2.538,2.656,9.1,3.962,412.6,0,0.384,0.01,0,0,0,0,0
달래무침_오이,52,1.6,1.8,8.73,3.92,829,0,0.3,,0,0,0,0,0
닭가슴살 샐러드,54,4,2.96,2.82,1.13,75,12.62,0.55,,0,0,0,0,0
닭강정,182.5,15.7,5.255,16.715,3.86,264.5,57.44,0.87,,1,1,0,0,1
닭고기 덮밥,97.5,5.2,0.63,16.855,0.8075,105.75,16.2575,0.1575,,1,0,0,0,0
닭고기 미역국,21,3.2,0.74,0.71,0.01,191,8.03,0.18,,0,0,0,0,0
닭고기 샐러드,95,7.333333333,5.983333333,2.936666667,0.766666667,382.3333333,19.92,0.903333333,,0,0,0,0,0
닭고기 탕수,95,7.4,3.15,8.8,2.66,60,41.01,0.64,,0,1,0,0,0
닭고기냉채,69.66666667,10.4,0.886666667,5.506666667,3.1,20,21.59333333,0.213333333,,0,1,0,0,0
닭고기육개장,35.25,3.8025,1.49,1.815,0.4075,132.5,14.005,0.3825,,0,0,0,0,0
닭곰탕,51.2,5.588,1.878,2.764,0.314,170.4,20.828,0.472,0,0,0,0,0,0
닭구이,131.6,15.892,5.532,3.854,1.02,364.6,57,1.47,0.05,0,1,0,0,1
닭꼬치구이,181,32.1,2.58,5.55,3.8,122,86.67,0.41,,0,2,0,0,1
닭날개구이,171.5,16.3925,9.76,3.0725,1.425,212.75,81.24,2.8325,,0,1,1,0,1
닭다리구이,153.5,14.3375,9.4825,1.4125,0.4625,303.5,62.36,3.0275,,0,1,1,0,1
닭다리조림,180.5,14,8.865,9.16,3.22,154.5,55.27,2.665,,0,1,1,0,1
닭도리탕,91.25,7.7075,3.685,6.84,2.1375,206.5,25.6975,0.9425,,0,1,0,0,0
닭모래집볶음,124,18.15,4.04,3.32,2.04,261.5,224.075,0.855,0.02,0,1,0,0,1
닭모래집튀김,312,18.73,17.73,19.4,1.2,215,167.94,2.73,0.13,1,2,2,0,2
닭발구이,196,18.15,9.41,9.7,0.31,827,81.85,2.58,0.06,0,1,1,0,1
닭발볶음,186,13.8,9.38,11.72,6.37,974,412.79,2.2,0.1,0,1,1,1,1
닭백숙,79,7.165,1.4,8.635,0.36,284,19.385,0.345,,0,0,0,0,0
닭볶음,137,14.7,3.01,12.63,3.65,270,36.48,0.48,,0,1,0,0,1
닭볶음(닭갈비),155.3333333,12.56,6.108333333,12.41333333,3.78,317,43.34666667,1.405,0.06,0,1,1,0,1
닭볶음탕,111,11.91,3.22,8.52,0.42,376,42.44,1.19,0.03,0,1,0,0,1
곱도리탕,107,6.66,4.21,10.62,4.29,359,45.41,1.08,0.06,0,0,0,0,0
닭조림,122.4,11.142,5.286,7.292,1.95,254.8,38.924,1.336,0.07,0,1,0,0,1
닭죽,108,6.376,1.83,15.772,0.752,218,15.522,0.468,0.01,1,0,0,0,0
닭찜,125,10.99,5.763333333,6.873333333,1.98,284.6666667,46.28666667,1.3,0.02,0,1,0,0,1
닭튀김,192.8,16.126,9.708,8.88,0.18,291.4,58.406,2.02,0.13,0,1,1,0,1
양념닭튀김,186.8,13.57,7.674,15.382,4.64,384.4,45.972,1.42,0.1,1,1,1,0,1
당근볶음,95,0.93,6.63,7.79,4.5,216,0,1.1,0.01,0,0,1,0,0
대구 매운탕,41,6.7,0.53,2.72,1.1,200,39.92,0.08,,0,0,0,0,0
대구볼찜,45,4.23,1.23,5.37,1.09,143,12.08,0.21,,0,0,0,0,0
대구지리,22.75,4,0.3025,1.23,0.1525,211.5,11.4475,0.0475,,0,0,0,0,0
대구찜,63,8.98,1.313333333,3.86,1.06,240,33.92,0.193333333,0,0,1,0,0,0
대구탕,45,4.7,0.89,5.03,1.34,285,8.89,0.16,,0,0,0,0,0
대구튀김,285,27,12.5,13.28,0.02,1367,133.8,2.1,,0,2,1,0,2
대구포,141,31.97,0.4,2.33,0,3876,107.15,0.17,0,0,2,0,0,1
소대창구이,595,9.11,60.25,4.05,1.13,126,51.05,25.6,2.47,0,1,2,0,2
대합 미역국,7,0.75,0.23,0.62,0.04,99.5,2.065,0.03,,0,0,0,0,0
대합죽,121,2.85,3.19,19.185,0.135,211,4.545,0.49,,1,0,0,0,1
더덕구이,151,2.886666667,3.56,28.33333333,9.873333333,543.6666667,0.04,0.533333333,0,1,0,0,1,1
더덕무침,107.75,2.19,2.01,21.2325,7.7175,772.75,0.0325,0.305,0,1,0,0,1,0
더덕장아찌,129.5,3.235,2.98,23.2,10.105,2699.5,0,0.5,0,1,0,0,1,1
낙지덮밥,150,5.88,3.34,24.12,2.16,212,32.45,0.37,0.01,1,0,0,0,1
닭고기덮밥,125,11.4,2.18,14.82,1.07,153,92.29,0.79,0.01,1,1,0,0,1
제육덮밥,202,9.43,10.77,16.86,1.98,174,27.94,3.42,0.05,1,1,1,0,1
불고기덮밥,182,6.6,5.31,26.96,0.07,253,15.83,1.4,0.24,1,0,0,0,1
송이버섯덮밥,97,3.04,2.34,15.93,0.38,280,8.03,0.46,0.02,1,0,0,0,0
오징어덮밥,135,7.18,2.01,21.94,0.66,162,46.44,0.24,0,1,0,0,0,1
유산슬덮밥,105,4.9,3.46,13.44,0.08,287,21.98,0.62,0.02,1,0,0,0,0
장어덮밥,179,7.52,5.74,24.34,1.4,230,58.64,1.29,0.06,1,1,0,0,1
참치덮밥,136,5.84,3.35,20.59,0.6,324,23.16,0.68,0.02,1,0,0,0,1
해물덮밥,110,6.01,3.21,14.35,0.17,258,40.89,0.77,0.03,1,0,0,0,1
도가니탕,40,8.35,0.33,0.82,0,150,18.34,0.13,0.01,0,1,0,0,0
도넛,425,4.11,19.18,58.9,28.77,219,8.22,9.59,0,2,0,2,2,2
도다리구이,153,23.7,5.5,0.71,0,1039,118.52,0.84,,0,2,0,0,1
도라지나물,57.75,1.05,3.0975,6.93,0.6175,413.75,0,0.4575,,0,0,0,0,0
도라지나물무침,130,2.48,7.52,13.12,0.9,411,0,1,0.04,0,0,1,0,1
도라지생채,81,1.968333333,0.85,17.53166667,6.588333333,404.8333333,0.323333333,0.156666667,0,1,0,0,1,0
도라지튀김,170,5.45,8.24,17.975,1.01,466,77.91,1.585,,1,0,1,0,1
도루묵조림,102,11.25,3.085,5.62,1.615,255,62.99,0.665,,0,1,0,0,0
도루묵찌개,63,6.8,2.31,4.04,1.3,62,29.17,0.45,,0,0,0,0,0
도미 매운탕,47,5.9,1.13,3.37,1.08,351,18.38,0.23,,0,0,0,0,0
도미찜,52,7.9,0.91,3.22,0.92,85,24.37,0.15,,0,1,0,0,0
도미튀김,301,25.9,12.22,18.9,0.02,1720,137.43,2.3,,1,2,1,0,2
도토리묵무침,55.25,0.575,0.61,11.8475,0.08,171.25,0,0.0975,,0,0,0,0,0
고구마돈가스,317,12.34,19.51,23.05,6.22,288,23.93,3.75,0.13,1,1,2,1,2
등심돈가스,312,16.5,18.77,19.24,1.83,287,49.08,4.56,0.13,1,1,2,0,2
안심돈가스,326,16.64,21.2,17.13,1.39,276,52.74,4.27,0.12,1,1,2,0,2
치즈돈가스,302,16.81,18.68,16.71,1.43,348,39.52,5.44,0.18,1,1,2,0,2
돌나물,36.66666667,0.92,0.783333333,7.46,3.603333333,191,0,0.126666667,,0,0,0,0,0
돌나물무침,44.5,1.215,1.2825,7.7575,4.0925,216,0,0.2075,0.06,0,0,0,0,0
돌솥 비빔밥,101,3.4,1.78,17.46,1.05,93,26.99,0.42,,1,0,0,0,0
동치미,12.5,0.39,0.22,2.18,1.32,442,0,0.01,0,0,0,0,0,0
동태 매운탕,25,3.3,0.5,1.98,0.54,184,7.8,0.08,,0,0,0,0,0
동태국,22,3.344,0.274,1.552,0.394,247.2,11.622,0.038,0,0,0,0,0,0
동태까스,273,11.6,15.64,19.42,2.61,385,53.42,2.52,,1,1,1,0,2
동태양념구이,130,21.7,3.56,1.59,0.29,641,77.15,0.47,,0,2,0,0,1
동태전,178.8,13.764,10.088,6.884,0.088,357.4,105.542,1.672,0.06,0,1,1,0,1
동태조림,96.66666667,15.06,1.583333333,5.44,2.173333333,547.6666667,60.37333333,0.276666667,0.08,0,1,0,0,0
동태찌개,32.2,4.252,0.614,2.58,0.836,217,13.928,0.092,0.01,0,0,0,0,0
동태찜,64.5,8.89,1.485,3.955,1,301.5,40.49,0.23,0.02,0,1,0,0,0
동태튀김,146.5,10.7,7.185,8.3,0.015,819,57.325,1.165,,0,1,1,0,1
동파육,191,8.99,15.41,4.15,0.74,299,31.6,4.4,0.1,0,1,1,0,1
돼지갈비강정,313,19.4,15.705,20.55,3.82,520.5,71.68,4.635,,1,2,1,0,2
돼지갈비구이,149,9.6,8.925,6.65,3.5275,245.75,38.21,2.415,,0,1,1,0,1
돼지갈비전골,227,16.6,15.14,5.07,3.24,332,66.63,3.99,,0,1,1,0,1
돼지갈비찜,150.8,11.058,8.868,5.842,1.858,284.8,41.458,2.486,0.13,0,1,1,0,1
돼지고기 꼬치구이,176.3333333,27.16666667,5.486666667,2.796666667,1.73,118,61.81333333,1.883333333,,0,2,0,0,1
돼지고기 덮밥,166.5,7.96,2.92,26.04,1.97,142,22.6,0.91,,1,1,0,0,1
돼지고기 스테이크,147,17.725,4.5975,7.2825,3.2775,487.25,38.3025,1.37,,0,1,0,0,1
돼지고기 장조림,135,14.05,5.565,5.88,1.905,609,83.975,1.945,,0,1,0,0,1
돼지고기 피망잡채,93,9.6,3.725,5.095,2.08,267,26.425,1.025,,0,1,0,0,0
돼지고기 간,164,29.36,4.44,1.56,0.2,62,386.25,1.83,0.03,0,2,0,0,1
돼지고기 머리고기,325,21.2,26,1.75,0.05,167,85.55,7.6,0.2,0,2,2,0,2
돼지고기 허파,91,17.27,2.41,0.02,0,85,398.97,1.1,0.01,0,1,0,0,0
돼지고기강정,175,14.675,8.61,8.325,1.915,504.5,59.2525,1.8725,,0,1,1,0,1
제육볶음,195,12.15,14.19,4.73,0.38,501,45.6,4.18,0.06,0,1,1,0,1
돼지고기 숙주 볶음,145,7.46,8.78,9.05,5.96,350,21.96,2.33,0.05,0,1,1,1,1
김치제육,114.6,9.442,5.87,5.65,2.87,340.4,26.302,1.788,0.06,0,1,0,0,1
오삼불고기,122,9.7725,6.355,6.54,2.965,241,64.66,2.2575,,0,1,1,0,1
돼지고기찌개,54.25,4.6325,2.7325,2.675,0.5275,176,10.6775,0.935,0,0,0,0,0,0
돼지고기 짜글이,108,10.46,4.64,6.04,4.68,505,27.12,1.38,0.01,0,1,0,0,0
돼지고기고추장찌개,49,4.32,1.13,5.28,2.57,461,6.01,0.38,0,0,0,0,0,0
돼지고기찜,109,10.82,3.25,8.89,2.09,220,31.97,1.13,,0,1,0,0,0
돼지고기튀김,222,20.9,11.67,6.24,0.02,513,85.78,2.72,,0,2,1,0,1
돼지껍데기구이,348,23.74,26.64,3.37,3.42,475,35.76,9.08,0.58,0,2,2,0,2
돼지등갈비찜,214,16.02,10.93,12.76,5.36,532,44.35,3.58,0.07,0,1,1,1,1
돼지등심 장조림,114,15.7,2.665,4.995,3.29,412,33.76,0.955,,0,1,0,0,1
돼지머리국밥,70,2.15,1.32,11.79,0.315,121.5,6.05,0.495,,0,0,0,0,0
돼지불고기_간장,82.66666667,8.69,3.33,4.263333333,1.883333333,190,24.24333333,1.11,,0,1,0,0,0
돼지사태찜,102,9.525,3.19,8.5025,2.9825,238.25,29.2975,1.135,,0,1,0,0,0
된장국,32.5,1.36,0.82,4.905,0.91,344.5,0.13,0.05,0,0,0,0,0,0
된장찌개,46,3.49,1.415,5.035,0.51,329.5,1.13,0.235,0,0,0,0,0,0
두릅무침,74,3.4,2.58,11.6,3.83,1476,0,0.42,,0,0,0,0,0
두부 달걀찜,88,7.4,4.913333333,3.206666667,0.54,170.6666667,58.85666667,1.003333333,,0,1,0,0,0
두부 달걀탕,39.66666667,4.033333333,1.823333333,1.68,0.3,138.6666667,37.24666667,0.423333333,,0,0,0,0,0
두부 된장국,25.75,2.35,0.9725,2.035,0.4325,234.5,1.4575,0.15,,0,0,0,0,0
두부 명란찌개,33,3.5,1.07,2.72,0.66,238,26.41,0.16,,0,0,0,0,0
두부 애호박찌개,27,2,0.62,3.6,0.88,61,4.84,0.11,,0,0,0,0,0
두부 청국장찌개,39,3.5,0.95,4.34,0.83,220,0.02,0.15,,0,0,0,0,0
두부 탕수,119.6666667,4.4,4.663333333,14.76,3.223333333,323.6666667,0,0.696666667,,1,0,0,0,1
두부국,25,2.15,1.235,1.25,0.26,199.5,2.65,0.265,,0,0,0,0,0
두부김치,99.25,6.7975,5.7525,4.8625,0.92,382.25,1.3925,0.9225,0.03,0,0,0,0,0
두부냉채,83,8.5,3.55,4.456666667,1.266666667,298,8.776666667,0.826666667,,0,1,0,0,0
돼지고기두부볶음,197,12.4,10.52,13.12,3.68,246,10.36,1.77,,0,1,1,0,1
두부부침,158.3333333,12.04166667,10.235,4.01,0.095,272.5,0.725,1.526666667,0.04,0,1,1,0,1
두부전,158.8,10.714,9.72,6.244,0.016,218.2,24.106,1.512,0.03,0,1,1,0,1
두부전골,52,4.455,2.49,3.145,0.57,219.5,1.39,0.37,0,0,0,0,0,0
두부조림,139.6,10.508,7.124,8.344,2.49,344.4,0,1.058,0.02,0,1,1,0,1
두부찌개,30,2.3,0.79,3.75,1.02,202,1.58,0.13,,0,0,0,0,0
두부튀김,125,6.55,6.345,9.9075,0.8675,270,20.5075,1.0375,,0,0,1,0,1
들깨국,14.66666667,0.63,0.763333333,1.586666667,0.396666667,145,0,0.066666667,,0,0,0,0,0
들깨죽,153.5,3.75,5.865,21.325,0.255,630.5,0,0.625,,1,0,0,0,1
들깻잎장아찌,124,4.03,0.42,26,16.41,1809,0,0.06,0,1,0,0,1,1
땅콩조림,319.25,13.6625,23.3475,16.9475,5.9075,386.75,0,4.11,0.05,1,1,2,1,2
땅콩죽,136.3333333,3.733333333,3.326666667,22.61,0.436666667,165,0,0.64,,1,0,0,0,1
떡갈비,202,21.38,11.82,2.46,0.4,404,68.04,4.29,0.42,0,2,1,0,1
떡강정,219.5,2.8975,5.155,40.375,3.7825,336.75,0,0.88,0.05,2,0,0,0,1
떡국,84,3.43,0.53,16.37,0.08,176,16.7,0.24,0,1,0,0,0,0
떡만두국,82.2,2.76,1.894,13.56,0.118,195.2,12.376,0.484,0.015,1,0,0,0,0
떡볶이,201,3.905,3.29,39.675,6.545,532,1.17,0.46,0.01,2,0,0,1,1
궁중식 떡볶이,167,5.27,5.54,24,4.75,366,8.17,1.25,0.04,1,0,0,0,1
로제 떡볶이,184,4.37,5.1,30.25,4.12,498,60.13,3.13,0.02,1,0,0,0,1
떡산적,181.25,8.25,7.095,21.23,2.9725,422.25,32.06,1.7625,,1,1,1,0,1
돈코츠라멘,98,4.14,6.42,5.87,0.77,377,20.85,1.23,0.01,0,0,1,0,0
미소라멘,89,4.57,2.77,11.36,1.1,388,20.91,0.54,0,0,0,0,0,0
소유라멘,72,3.65,2.36,9.12,0.84,420,20.67,0.77,0,0,0,0,0,0
시오라멘,84,4.68,2.13,11.54,0.93,292,23.31,0.53,0,0,0,0,0,0
라면,115.6,2.584,3.772,17.402,0.016,131,10.708,1.672,0.01,1,0,0,0,1
비빔라면,189,3.38,5.67,31.01,1.81,375,0,2.51,0.03,1,0,0,0,1
짜장라면,177,3.66,4.28,31,0.63,306,0,1.69,0.03,1,0,0,0,1
짬뽕라면,92,2.84,3.51,12.27,0.21,333,14.23,1.15,0.01,0,0,0,0,0
라볶이,118.3333333,2.243333333,3.753333333,18.83,1.25,196.6666667,0.84,1.35,0.03,1,0,0,0,1
라조기,170.6666667,11.27666667,7.69,14.04666667,1.943333333,273.6666667,42.12666667,1.466666667,0.08,1,1,1,0,1
런천미트구이,303.6,20.792,20.096,9.534,1.412,1062,68.23,6.262,0.16,0,2,2,0,2
베이컨버섯크림리조또,187,3.11,12.29,15.9,2.09,253,9.86,6.24,0.05,1,0,1,0,1
쉬림프로제리조또,176,3.35,9.77,18.57,3.84,299,11.6,6.23,0.04,1,0,1,0,1
마늘빵,438,12.06,17.58,57.94,7.36,519,26.68,8.66,0.18,2,1,2,1,2
마늘장아찌,113,2.43,0.16,25.36,15.03,1127,0,0.04,0,1,0,0,1,1
마늘장아찌무침,99,1.88,0.7,21.85,11.66,805,0,0.12,,1,0,0,1,0
마늘쫑무침,76.5,2.265,1.98,14.315,6.43,452.75,1.4775,0.2975,0.03,1,0,0,1,0
마늘쫑볶음,70.5,2.275,2.73,9.5,3.615,387,0,0.405,0.01,0,0,0,0,0
마늘쫑장아찌,118,1.96,0.14,27.34,13.02,1410,0,0.04,0,1,0,0,1,1
마늘쫑장아찌무침,79,1.3,0.58,17.725,8.315,706,0,0.1,,1,0,0,1,0
마늘쫑조림,217,4.9,10.6,31.38,10.19,956,0,1.62,,1,0,1,1,1
마라탕,66,3.91,3.27,5.1,0.26,358,4.99,0.6,0.01,0,0,0,0,0
마카로니 샐러드,128.75,2.8,7.4175,12.355,2.2575,155,10.4675,1.2025,,0,0,1,0,1
마카롱,480,6.92,30.11,45.23,41.94,47,26.1,14.96,0.26,2,0,2,2,2
마파두부,135.8,8.258,7.808,7.956,2.09,298,6.554,1.292,0.03,0,1,1,0,1
고기만두,183.5,10.88,5.515,22.595,0.325,233.5,13.63,1.51,0.025,1,1,0,0,1
군만두,234,7.03,11.5,25.57,2.77,385,9.49,3.28,0.06,1,0,1,0,1
김치만두,169.5,9.185,5.675,20.42,0.51,408,15.475,1.235,0.01,1,1,0,0,1
물만두,195,8.06,11.13,15.61,2.13,332,12.13,3.08,0.05,1,1,1,0,1
만두국,62,3.06,2.49,6.83,0.44,338,13.5,0.61,0.01,0,0,0,0,0
만두전골,57,3.61,2.23,5.55,0.7,250,5.84,0.55,0.01,0,0,0,0,0
만두탕수,89,2.925,3.6125,11.2,1.705,163.5,2.145,0.955,,0,0,0,0,0
맛살전,217.2,9.896,7.004,27.658,3.204,904.4,49.88,1.266,0.06,1,1,1,0,1
망둥어찌개,44,5.9,0.85,3.4,1.08,483,21.55,0.13,,0,0,0,0,0
망둥어찜,52,8.5,0.7,2.96,0.68,202,36.7,0.12,,0,1,0,0,0
매생이국,24,2,0.56,2.68,0.08,284,1.32,0.12,0.02,0,0,0,0,0
매실장아찌,243,1.65,0.43,58.11,38.16,1126,0,0.08,0,2,0,0,2,1
매운 어묵볶음,90,5.1,2.93,11.02,2.38,397,8.01,0.5,,0,0,0,0,0
매운탕,70,9.74,2.77,1.52,0.24,300,62.51,0.51,0.01,0,1,0,0,0
매작과,413,7.51,13.15,66.11,16.42,99,33.42,2.35,0.1,2,1,1,1,2
머위나물,25,1.5,1.34,2.42,0.41,184,0,0.16,,0,0,0,0,0
머위나물무침,85,1.62,7.66,2.49,0.44,452,0,0.82,0.06,0,0,1,0,0
머위나물볶음,72,2.33,4.67,5.07,1.2,479,0,0.53,0,0,0,0,0,0
머위대나물무침,58,3.96,2.56,4.76,0.34,363,25.22,0.32,0.02,0,0,0,0,0
머핀,384,5.73,13.84,59.15,39.65,411,59.16,6.86,0.15,2,0,1,2,2
메기 매운탕,59,4,1.46,7.39,0.69,264,10.42,0.42,,0,0,0,0,0
메기찜,71,7.3,2.33,5.37,0.77,150,20.83,0.6,,0,0,0,0,0
메밀국수_온면,63,3.14,0.29,12.06,0,194,0,0.12,0,0,0,0,0,0
메밀묵 무침,65,1.6,1.27,12.05,1.46,249,0,0.21,,0,0,0,0,0
메밀묵국,63,1.55,1.245,11.64,1.4125,240,0,0.205,,0,0,0,0,0
메밀소바,86,2.49,0.32,17.96,1.44,254,0,0.08,,1,0,0,0,0
마제소바,146,5.68,4.22,21.44,3.06,310,29.47,0.95,0.02,1,0,0,0,1
메밀전,161,4.02,0.64,34.79,0.3,145,0,0.26,0,1,0,0,0,1
메추리알 돼지고기장조림,127.25,12.85,5.78,4.8575,1.54,348,125.015,1.99,,0,1,0,0,1
메추리알 어묵조림,179.6666667,10.63333333,7.25,17.62333333,8.226666667,917,200.4166667,1.813333333,,1,1,1,1,1
멕시컨샐러드,102.3333333,4.7,7.31,4.78,2.766666667,308.3333333,39.1,1.723333333,,0,0,1,0,0
멘보샤,289,10.52,21.6,13.22,1,696,69.91,3.57,0.14,0,1,2,0,2
멸치 미역국,9,1.1,0.38,0.71,0,375,2.38,0.07,,0,0,0,0,0
멸치볶음,154.5,21.035,4.3275,7.2675,4.1825,1228.25,202.7625,0.875,0.04,0,2,0,0,1
멸치젓_양념,90,11.4,1.6,7.4,0.6,6667,117.6,0.8,0,0,1,0,0,0
멸치조림,183.6,20.184,7.996,6.986,4.026,1529.4,149.876,1.402,0.09,0,2,1,0,1
명란젓_양념,147,17.96,6.54,3.98,0,2044,247.92,0.72,0.05,0,1,1,0,1
명란찌개,27,3.1,0.58,2.74,0.84,367,44.64,0.08,,0,0,0,0,0
명란찜,61,7.1,2.24,3.1,1.28,1130,111.82,0.41,,0,0,0,0,0
명태 매운탕,49,7.1,1.03,3.15,0.79,58,16.7,0.16,,0,0,0,0,0
모닝빵,314,9.5,7.43,52.17,7.97,489,40.54,3.03,0.06,2,1,1,1,2
모듬 초밥,188.5,9.9,3.035,28.775,2.375,369.5,61.48,0.875,,1,1,0,0,1
모듬 콩조림,181,11.1,9.11,15.38,3.85,321,0,1.55,,1,1,1,0,1
모듬배추나물,32,1.7,1.27,4.005,1.365,296,0,0.2,,0,0,0,0,0
모듬버섯볶음,69,3,4.56,6.82,2,430,2.13,0.75,,0,0,0,0,0
모듬찰떡,225.5,6.545,3.28,42.43,3.05,195.5,0,0.465,0.005,2,0,0,0,1
모듬채소전,154,3.4,5.65,21.32,1.21,173,8.83,0.91,,1,0,0,0,1
모듬채소전골,20,1.8,0.6,2.1,0.61,145,1.3,0.14,,0,0,0,0,0
모듬회,133,22.5,2.31,5.15,2.44,493,42.14,0.44,,0,2,0,0,1
모밀국수,123,4.525,0.4175,24.91,1.8475,359,0,0.1175,,1,0,0,0,1
모자반무침,19,1.29,0.4,4.36,1.3,186,0.01,0.07,,0,0,0,0,0
모카빵,339,8.55,8.05,57.96,12.53,354,52.07,3.76,0.31,2,1,1,1,2
몸국,22,2.9,0.65,1.54,0.4,119,5.86,0.21,,0,0,0,0,0
무 된장국,17.5,1.45,0.3975,2.0975,0.705,238.25,6.925,0.0775,,0,0,0,0,0
무 북어국,24.75,3.675,0.65,1.025,0.3625,162,19.85,0.1625,,0,0,0,0,0
무 어묵조림,110.5,6.3,3.06,14.75,4.285,622.5,9.11,0.535,,1,0,0,0,1
무 파래무침,23,1.1,0.38,4.86,2.62,221,0,0.07,,0,0,0,0,0
무국,7,0.28,0.17,1.24,0.39,180.5,0.005,0.03,,0,0,0,0,0
무나물,29.75,0.6,1.6575,3.295,1.2725,408,0,0.235,,0,0,0,0,0
무나물무침,21,0.62,0.46,3.64,3.3,352,0,0.04,0,0,0,0,0,0
무말랭이무침,106.2857143,2.99,1.171428571,21.43571429,8.79,537,1.665714286,0.35,0.016666667,1,0,0,1,0
무말랭이장아찌,117,4.1,3.23,18.34,6.61,1287,0,0.51,,1,0,0,1,1
무밥,177,3.7,1.06,36.68,0.79,198,0,0.21,,2,0,0,0,1
무생채,39,1.3575,0.8025,7.1125,3.33,500,2.0225,0.125,0.02,0,0,0,0,0
무숙장아찌,93,3.7,6.44,4.78,2.36,1391,12.6,2.07,,0,0,1,0,0
무장아찌,98,1.985,3.365,15.505,8.53,1646,0.065,0.48,0,1,0,0,1,0
무조림,47.6,2.452,1.064,7.762,2.866,1023.8,0.128,0.174,0.04,0,0,0,0,0
무지개떡,229,3.53,0.31,53.01,8.99,277,0,0.16,0,2,0,0,1,1
무짠지,11,0.54,0.12,1.98,1.58,2382,0,0.02,0,0,0,0,0,0
무청나물,80,2.8,5.44,6.04,0.32,367,0,0.81,,0,0,0,0,0
치킨무,17,0.52,0.3,3.05,1.75,189,0,0.02,0,0,0,0,0,0
묵국,22,1,0.4,3.57,0.28,238,0,0.03,0,0,0,0,0,0
묵말이,36,0.52,0.65,6.9,0.48,247,0,0.09,0,0,0,0,0,0
묵무침,60,0.61,1.635,10.65,1.125,221.5,0,0.205,0.005,0,0,0,0,0
묵밥,69.25,2.34,0.7125,13.1425,0.765,123.75,1.1225,0.1825,0,0,0,0,0,0
문어무침,66.5,7.6,2.07,5.125,1.675,342.5,60.815,0.3,,0,1,0,0,0
문어볶음,67,5.9,2.63,5.55,3.65,240,47,0.39,,0,0,0,0,0
물김치,5,0.31,0.08,0.75,0.35,237,0,0.01,0,0,0,0,0,0
물회,76,4.91,2.7,7.9,2.86,299,17.18,0.4,0.01,0,0,0,0,0
미꾸라지튀김,387,10.89,25.39,28.85,0.3,324,50.15,3.89,0.15,1,1,2,0,2
미나리 초무침,46.33333333,1.966666667,1.333333333,8.216666667,4.33,541.6666667,0,0.216666667,,0,0,0,0,0
미나리나물,59,2.03,3.67,4.48,0,301,0,0.5,0.02,0,0,0,0,0
미나리무침,28.66666667,1.103333333,1.276666667,3.71,1.676666667,370,0,0.186666667,0.01,0,0,0,0,0
미나리전,151,3.49,5.08,22.82,1.16,166,7.92,0.82,0.04,1,0,0,0,1
미더덕찜,77,7.7,1.82,8.05,1.18,391,35.08,0.29,,0,1,0,0,0
미소된장국,20.6,1.578,0.87,1.862,0.382,282,0.064,0.124,0,0,0,0,0,0
미역 된장국,13.5,1.2,0.495,1.625,0.28,295.5,0.2,0.09,,0,0,0,0,0
미역 오이무침,59.66666667,1.833333333,1.286666667,13.13666667,6.8,843.3333333,0,0.213333333,,0,0,0,1,0
미역국,9.4,0.93,0.46,0.898,0.056,349,4.158,0.072,0,0,0,0,0,0
미역줄기볶음,66.33333333,1.398333333,5.33,4.388333333,0.753333333,659.1666667,0.373333333,0.76,0.055,0,0,0,0,0
미역초무침,43,1.616666667,0.736666667,8.22,4.303333333,485,0.38,0.11,0,0,0,0,0,0
미역튀각,403,13.82,32.06,24.725,7.31,4605,0,5.07,0.48,1,1,2,1,2
미트 스파게티,109,4.3,1.923333333,18.58333333,2.82,136,5,0.49,,1,0,0,0,0
미트볼조림,157,7.99,8.198,13.63,6.64,389.8,18.252,2.408,0.08,1,1,1,1,1
민들레무침,27,1.2,0.72,4.56,1.61,244,0,0.1,,0,0,0,0,0
민들레잎무침,81,2.69,2.33,12.32,8.16,248,0,0.21,0.01,0,0,0,1,0
민어 매운탕,35,4.5,0.79,2.98,0.92,140,9.02,0.15,,0,0,0,0,0
민어구이,106,12.6,5.53,0.38,0,703,40.6,0.89,,0,1,0,0,0
밀면_물밀면,71,2.46,0.5,14.19,3.68,303,7.37,0.15,0,1,0,0,0,0
밀푀유나베,55,4.13,3.11,2.52,1.5,397,7.99,0.39,0.06,0,0,0,0,0
바게트,258,8.95,1.21,51.58,0,537,0,0.16,0,2,1,0,0,2
바지락 된장국,16,1.6,0.35,1.78,0.41,130,0.59,0.06,,0,0,0,0,0
바지락 미역국,13,1.9,0.28,1.22,0.1,304,1.27,0.06,,0,0,0,0,0
바지락 수제비,37,1.5,0.47,6.3,0.195,171,6.935,0.11,,0,0,0,0,0
바지락국,17,2.2,0.516666667,0.74,0.11,224,1.236666667,0.09,,0,0,0,0,0
바지락찜,83,8,1.71,9.15,4.59,830,6.02,0.32,,0,1,0,0,0
밤밥,152,3.4,0.23,32.65,0.42,3,0,0.07,,1,0,0,0,1
방풍나물무침,76,4.39,1.73,10.74,2.91,267,0,0.23,0,0,0,0,0,0
배추 겉절이,33,1.67,0.805714286,5.645714286,2.708571429,590.8571429,0.821428571,0.128571429,0,0,0,0,0,0
배추 된장국,14.5,1.175,0.3425,1.9125,0.68,222,1.8775,0.06,,0,0,0,0,0
배추국,9,1.3,0.1,0.89,0.37,112.3333333,10.48333333,0.03,,0,0,0,0,0
배추김치,38,1.98,0.43,6.49,2.4,551,0,0.07,0,0,0,0,0,0
배추나물,48.6,2.242,1.738,6.774,3.656,397.6,0,0.262,0.03,0,0,0,0,0
배추숙주나물,22,1.5,0.62,3.58,1.33,127,0,0.11,,0,0,0,0,0
배추전,122.25,3.285,5.9825,13.66,2.0125,463.75,26.1025,1.02,0.05,1,0,0,0,1
백김치,16,0.95,0.07,3,1.04,395,0,0.01,0.01,0,0,0,0,0
백설기,227,3.745,1.175,50.34,3.95,250.5,0,0.155,0,2,0,0,0,1
백합죽,65,2.36,0.8,12.1,0,142,4.59,0.19,0,0,0,0,0,0
밴댕이무침,150,7.45,8.25,11.5,6.75,257,25.38,1.15,0.05,0,1,1,1,1
뱅어포구이,325.5,32.785,12.02,21.595,11.42,1516,497.82,2.47,0.11,1,2,1,1,2
뱅어포무침,391,46,16.995,10.91,5.225,1199,829.085,3.46,,0,2,1,0,2
뱅어포튀김,732,41.2,45.09,34.04,0,414,694.54,7.47,,1,2,2,0,2
버섯 덮밥,101,2.6,1.63,18.47,0.54,63,4.14,0.64,,1,0,0,0,0
버섯 매운탕,45,2.4,1.36,6.93,1.46,160,4.14,0.4,,0,0,0,0,0
버섯 샤브샤브,27,2,1.36,2.46,0.48,143,4.47,0.41,,0,0,0,0,0
버섯 잡채,149,4.8,12.22,6.28,1.94,207,11.84,2.87,,0,0,1,0,1
버섯구이,52,5.16,1.38,4.78,0.11,492,0,0.41,0.01,0,0,0,0,0
버섯국,42,3.3,2.43,2.71,0.5,161,7.66,0.72,,0,0,0,0,0
버섯무침,59,2.74,3.77,3.44,0.09,311,0,0.46,0.01,0,0,0,0,0
버섯볶음,94,2.8,6.2,6.78,4.24,524,0,0.8,0.04,0,0,1,0,0
버섯전,173.8,6.084,8.464,18.92,0.868,524.8,49.54,1.448,0.04,1,0,1,0,1
버섯전골,44.5,3.11,2.3125,3.5275,0.6375,215,6.105,0.5725,0.11,0,0,0,0,0
버섯조림,46.5,3.21,1.37,6.53,1.75,281,0.225,0.8,0.06,0,0,0,0,0
버섯찌개,45.2,3.216,1.62,5.932,1.732,383.8,4.232,0.454,0.03,0,0,0,0,0
버터빵_버터롤,320,8,11,48,11,410,15,6,0.35,2,1,1,1,2
딸기번,424,8.42,15.79,62.11,10.53,315,30,6.32,0,2,1,1,1,2
로띠번,369,9.47,12.63,53.68,12.63,305,,8.42,,2,1,1,1,2
번데기탕,23,2.2,1.48,0.42,0.18,109,16.7,0.25,,0,0,0,0,0
베이글,306,10,5.83,53.48,4.58,695,0,0.58,0.01,2,1,0,0,2
베이컨떡말이구이,239.5,6.3,10.58,29.925,3.765,582,13.645,2.4,,1,0,1,0,1
베이컨채소볶음,142,6.3,8.81,10.06,4.78,241,18.77,2.39,,0,0,1,0,1
병어구이,244,21.4,16.23,0.45,0,1559,90.24,3.92,,0,2,1,0,1
병어조림,92,10.13,3.78,4.15,0.48,577,34.86,1.49,0.12,0,1,0,0,0
병어찌개,54,5.3,2.06,3.4,1.08,485,16.16,0.59,,0,0,0,0,0
보리밥,126.8,2.432,0.238,27.954,0.56,2.2,0,0.076,0,1,0,0,0,1
보신탕,42,3,2.68,2.12,0.53,65,5.02,0.56,,0,0,0,0,0
보쌈김치,41.33333333,2.396666667,1.173333333,5.67,2.076666667,1510.333333,3.493333333,0.12,0,0,0,0,0,0
복 매운탕,31,5.1,0.39,2.25,0.58,228,13.31,0.07,,0,0,0,0,0
복어튀김,298.5,21.67,14.825,18.215,0.31,1059,78.2,2.375,0.15,1,2,1,0,2
복죽,107,2.7,2.73,16.84,0.01,154,12.16,0.42,,1,0,0,0,0
복지리,30,5.6,0.31,1.49,0.35,209,14.78,0.06,,0,0,0,0,0
복찜,36,3.55,0.92,4.11,0.87,137,5.81,0.16,,0,0,0,0,0
볶음 우동,69,2.675,2.7375,7.9475,0.1575,301.25,22.8125,0.515,,0,0,0,0,0
소고기 야끼소바,190,6.55,12.1,13.81,3.86,367,15.33,2.94,0.58,1,0,1,0,1
볶음밥,188,6.24,5.57,28.235,0.895,247,36.795,1.38,0.05,1,0,0,0,1
계란볶음밥,176.2,5.944,4.966,25.966,0.196,152.2,75.446,1.16,0.05,1,0,0,0,1
김치볶음밥,167,4.75,7.81,19.475,7.76,395,55.135,1.395,0.05,1,0,1,1,1
삼선볶음밥,172,6.56,6.62,21.44,0.4,303,81.63,1.58,0.04,1,0,1,0,1
새우볶음밥,118.8333333,4.128333333,2.916666667,18.585,1.142,148.3333333,28.682,0.433333333,0.015,1,0,0,0,1
볼락 매운탕,30,3.5,0.52,2.87,1.27,191,10.22,0.08,,0,0,0,0,0
부대찌개,72.16666667,4.231666667,3.11,6.845,0.841666667,300.8333333,9.46,0.905,0.035,0,0,0,0,0
부추 겉절이,23.5,1.3,0.935,3.515,1.575,160,0,0.135,,0,0,0,0,0
부추 채소무침,22,1.1,0.67,4.01,2.24,171,0,0.08,,0,0,0,0,0
부추 초무침,23,1.1,0.78,3.66,1.76,187,0,0.13,,0,0,0,0,0
부추김치,49.6,2.882,1.68,6.508,3.338,1154,1.844,0.252,0.005,0,0,0,0,0
부추나물,18,1.2,0.88,1.99,0.89,137,0,0.15,,0,0,0,0,0
부추무침,63,2.925,2.8725,7.4425,3.8225,656.5,3.6825,0.44,0.02,0,0,0,0,0
부추잡채,86,5.9,5.29,3.486666667,2.016666667,214.6666667,11.32333333,0.996666667,,0,0,0,0,0
부추전,202.25,5.075,6.645,29.425,3.595,246.25,19.02,1.0625,0.05,1,0,1,0,1
북어강정,399,17.4,20.415,35.505,6.19,2198.5,47.49,3.05,,2,1,2,1,2
북어구이,287,46.5,5.91,10.53,3.15,932,219.37,1.1,,0,2,0,0,2
북어국,28,3.89,0.98,0.84,0.12,232,21.61,0.17,0,0,0,0,0,0
북어양념구이,137,20.3,2.93,6.62,2.29,285,50.61,0.38,,0,2,0,0,1
북어조림,182,20.83,3.33,17.14,8.2,766,99.63,0.67,0.05,1,2,0,1,1
북어찜,118.5,14.365,2.735,9.605,3,418,60.755,0.435,0.07,0,1,0,0,1
북어채 고추장 무침,296,36.6,10.34,14.1,4.13,942,108.12,1.57,,1,2,1,0,2
북어채무침,168.5,25.785,2.78,9.635,3.915,524.5,100.725,0.475,0.02,0,2,0,0,1
분짜,136,5.91,3.66,19.75,5.47,398,17.97,1.15,0.01,1,0,0,1,1
불고기전골,104,5.96,4.34,10.38,5.3,296,19.49,1.18,0.4,0,0,0,1,0
불낙전골,51,4.65,2.2975,3.01,0.6625,144,16.4175,0.66,,0,0,0,0,0
붕어 매운탕,23,3.1,0.7,1.08,0.25,112,7,0.12,,0,0,0,0,0
붕어찜,76,4.94,3.35,6.51,1.47,359,16.93,0.53,0.03,0,0,0,0,0
브로콜리 두부무침,35,2,0.72,6.17,2.31,167,2.47,0.12,,0,0,0,0,0
브로콜리 버섯볶음,24,1.325,1.145,2.9825,0.605,141,0.6525,0.2,,0,0,0,0,0
브로콜리 채소무침,34,1.7,0.35,7.21,2.98,182,4.67,0.07,,0,0,0,0,0
브로콜리무침,32,1.6,0.25,7.01,2.9,175,5.57,0.06,,0,0,0,0,0
브로콜리볶음,51,4.42,1.28,5.53,1.42,94,0,0.22,0,0,0,0,0,0
비름나물,27.66666667,1.9,0.99,4.003333333,0.83,150.3333333,0.003333333,0.16,,0,0,0,0,0
비름나물무침,73,3.46,4.05,5.7,0.86,335,0,0.63,0.1,0,0,0,0,0
비빔 잡곡밥,138,3.6,2.12,25.66,0.68,93,16.33,0.44,,1,0,0,0,1
비빔국수,137,4.52,2.696,23.058,2.985,407.8,24.5125,0.656,0.01,1,0,0,0,1
비빔막국수,104,3.06,0.86,21.47,3.82,256,1.81,0.17,,1,0,0,0,0
비빔밥,150.6666667,5.088333333,4.258333333,22.675,1.92,237.3333333,37.04,1.093333333,0.045,1,0,0,0,1
꼬막비빔밥,103,7.33,3.29,11.01,5.31,469,29.47,0.63,0.05,0,0,0,1,0
돌솥비빔밥,147,5.39,2.95,24.68,1.24,337,9.98,0.33,0.01,1,0,0,0,1
멍게비빔밥,137,4.15,3.28,22.68,4.18,286,5.48,0.6,0.03,1,0,0,0,1
열무비빔밥,143,3.45,2.975,24.41,0.295,117,4.5,0.875,,1,0,0,0,1
육회비빔밥,147,6.39,3.36,22.92,4.45,446,30.56,0.77,0.01,1,0,0,0,1
참치비빔밥,121,5.45,3.76,15.625,0.78,129.5,23.315,0.635,,1,0,0,0,1
비프까스,208,8.1,13.68,12.25,2.51,261,57.57,4.78,,0,1,1,0,1
빙떡(메밀전병),168,6.18,6.29,21.62,0.62,346,8.05,1.19,0.04,1,0,1,0,1
뼈다귀해장국,21,2.7,0.63,0.96,0.36,108,5.86,0.2,,0,0,0,0,0
사골국,40,2.74,1.8575,2.9075,0.135,23.25,9.145,0.625,0.08,0,0,0,0,0
사태찜,110,12.1,5.17,3.67,0.13,302,94.95,1.13,0.14,0,1,0,0,1
산자,366,2.31,3.09,82.17,31.35,23,0,0.09,0,2,0,0,2,2
산적,200,29.06,8.56,1.55,0.06,586,56.15,2.41,0.05,0,2,1,0,1
삶은 땅콩 조림,320,11.43333333,16.40666667,35.76333333,6.473333333,1273.333333,0,2.276666667,,2,1,1,1,2
삼각김밥_고추장불고기,165,3.66,1.58,34.11,0.21,343,3.51,0.45,0.01,1,0,0,0,1
삼각김밥_숯불갈비,161,4,1.67,32.55,0.16,358,4.04,0.53,0.02,1,0,0,0,1
삼각김밥_참치마요네즈,185.5,4.935,5.705,28.7,0.01,256,7.44,0.8,0.02,1,0,0,0,1
삼겹살구이,467,22.56,41.69,0.35,0,576,39.72,12.42,0.34,0,2,2,0,2
삼계탕,78.4,7.464,3.182,4.638,0.508,118,28.354,0.882,0.03,0,1,0,0,0
삼색 오이냉국,17,0.6,0.21,3.52,2.68,234,0,0.04,,0,0,0,0,0
삼색냉채,70.66666667,5.866666667,2.03,7.3,4.173333333,377,56.70333333,0.7,,0,0,0,0,0
삼치 양념구이,189,22.8,4.14,15.38,4.18,570,73.47,0.96,,1,2,0,0,1
삼치구이,106.4,13.566,4.974,1.174,0.044,253,48.846,1.016,0.07,0,1,0,0,0
삼치조림,124.2,13.856,4.57,5.866,2.626,354.2,45.962,0.992,0.04,0,1,0,0,1
삼치찌개,50,6.2,1.28,3.35,1.08,347,16.97,0.27,,0,0,0,0,0
삼치튀김,136,13.75,6.84,3.56,0.015,920.5,71.28,1.33,,0,1,1,0,1
상추 겉절이,29.125,1.21125,1.15625,4.0175,2.02625,204,0.82125,0.16125,0.03,0,0,0,0,0
새송이버섯 구이,59,1.833333333,4.72,4.796666667,0.876666667,258.3333333,0,0.706666667,,0,0,0,0,0
새송이버섯볶음,25,1.52,1.61,3.46,0.28,163,0,0.22,,0,0,0,0,0
새송이버섯전,63,3.16,3.73,5.89,0.17,93,41.21,0.74,,0,0,0,0,0
새싹 샐러드,117,1.4,10.6,5.01,2.49,74,3.03,1.56,,0,0,1,0,1
새우 탕수,198.5,14.6,7.89,16.36,6.28,289.5,137.03,1.295,,1,1,1,1,1
새우구이,89.5,15.405,2.385,1.43,0.015,326.5,148.155,0.395,0.05,0,1,0,0,0
새우무침,321,37,11.77,15.47,8.04,462,411.08,1.77,,1,2,1,1,2
새우볶음,83,9.91,2.21,5.96,3.99,326,79.67,0.38,0.03,0,1,0,0,0
새우전,238.6666667,18.76333333,11.75666667,12.64666667,0.653333333,642.3333333,199.0933333,2.073333333,0.06,0,2,1,0,1
새우젓국,24.33333333,1.966666667,0.9,2.213333333,0.803333333,279,4.263333333,0.146666667,,0,0,0,0,0
새우조림,67,8.2,2.085,3.415,0.58,351.5,62.045,1.115,,0,1,0,0,0
새우탕,38.6,5.994,0.536,2.408,0.724,227.2,42.314,0.09,0,0,0,0,0,0
새우튀김,145,7.1,5.55,16.53,2.215,321.5,28.43,0.845,,1,0,0,0,1
새우튀김롤,202,4.82,6.06,32.09,3.71,464,18.62,1.14,0.04,1,0,1,0,1
샌드위치_B.E.L.T. 샌드위치,206.5,8.02,9.85,25.38,3.95,363,17.05,3.005,0.1,1,1,1,0,1
샌드위치_닭가슴살,240,12.18,11.92,20.96,3.09,438,28.07,3.16,0.17,1,1,1,0,1
감자샐러드,144.5,2.035,9.08,13.945,3.435,276,10.33,1.5,0.06,1,0,1,0,1
단호박샐러드,145,1.355,9.23,14.525,8.875,76,5.43,1.395,0.05,1,0,1,1,1
닭가슴살샐러드,135,7.17,9.49,5.36,3.25,88,10.85,1.21,0.03,0,0,1,0,1
샐러드_새싹,74,2.77,4.81,4.96,2.26,156,12.28,0.62,0.02,0,0,0,0,0
샐러드_양배추,150,2.69,11.71,8.47,7.95,97,5.14,1.79,0.05,0,0,1,1,1
샐러드_양상추,126,4.91,10.3,3.42,1.58,158,0,1.31,0.05,0,0,1,0,1
생선까스,226.2,14.914,11.824,13.536,0.592,454.4,77.328,2.1,0.12,1,1,1,0,1
생선전,179,15.09,10.03,7.02,0.15,468,119.17,2.11,0.06,0,1,1,0,1
소고기 샤브샤브,34,2.71,1.26,2.99,2.36,239,5.6,0.09,0.01,0,0,0,0,0
소고기스키야키,76,6.23,1.78,8.65,3.67,414,12.9,0.33,0.01,0,0,0,0,0
서대구이,161,25.1,5.77,0.71,0,1177,101.01,0.9,,0,2,0,0,1
섞박지,38,2.1,1.04,6.235,2.26,1689,1.215,0.205,,0,0,0,0,0
섞어찌개(모듬찌개),43,2.7,1.705,4.655,1.18,242,4.715,0.49,,0,0,0,0,0
선지해장국,34,4.4,0.98,2.07,0.41,278,12.66,0.28,,0,0,0,0,0
선짓국,37.33333333,3.633333333,1.306666667,3.06,0.683333333,394.6666667,3.363333333,0.366666667,,0,0,0,0,0
설렁탕,34,3.003333333,1.02,2.956666667,0.1,96.66666667,6.966666667,0.343333333,0.02,0,0,0,0,0
세발나물무침,78,3.01,4.25,7.05,3.67,701,0,0.59,0.12,0,0,0,0,0
세발낙지볶음,74.66666667,7,1.826666667,8.036666667,4.083333333,417,47.84333333,0.356666667,,0,0,0,0,0
세발낙지찜,74,5.5,4.31,3.8,0.9,235,35.5,0.68,,0,0,0,0,0
소간 채소볶음,120,10.5,5.29,7.74,3.79,498,118.04,0.92,,0,1,0,0,1
소갈비 구이,232,11.25,16.8225,7,3.9225,428,41.3,5.6775,,0,1,1,0,1
소갈비찜,186,9.595,13.015,6.595,2.805,302.25,34.07,4.595,,0,1,1,0,1
소고기 감자죽,85,2.85,2.355,12.42,0.265,62,6.505,0.655,,0,0,0,0,0
소고기 덮밥,116.3333333,4.1,2.973333333,17.41,0.81,96,10.09,1.196666667,,1,0,0,0,1
소고기 두부국,34,2.8,2.18,0.62,0.04,160,6.14,0.61,,0,0,0,0,0
소고기 떡찜,303,10.6,14.48,32.19,1.45,357,37.11,5.4,,1,1,1,0,2
소고기 무국,23,1.6,1.49,0.53,0.17,135,5.2,0.46,,0,0,0,0,0
소고기 완자전,316,14.1,23.1,10.07,0.19,481.5,79.43,7.165,,0,1,2,0,2
소고기버섯죽,97.5,3.035,2.385,16.1225,0.1025,168.25,5.5625,0.805,0.02,1,0,0,0,0
소고기볶음,186.3333333,8.2,15.18333333,2.996666667,1.343333333,309.6666667,38.11666667,5.6,,0,1,1,0,1
소고기산적,227,24.2,12.78,3.67,0,696,67.42,3.53,0.44,0,2,1,0,1
소고기스튜,187,10.1,11.65,9.23,2.31,310,38.59,4.43,,0,1,1,0,1
소고기육개장,27.66666667,2.19,1.516666667,1.653333333,0.413333333,125.3333333,9.16,0.453333333,,0,0,0,0,0
소고기전골,49,4.296666667,2.576666667,2.23,0.533333333,175.6666667,9.44,0.643333333,0.15,0,0,0,0,0
어복쟁반,37,3.39,1.96,1.41,0.42,232,5.6,0.19,0.01,0,0,0,0,0
소고기찜,119,5.5,8.555,5.06,2.64,163,23.445,3.33,,0,0,1,0,1
소고기채소볶음,163,6.75,12.535,5.295,3.39,297,28.055,4.33,,0,0,1,0,1
소고기튀김,258,10.4,18.92,10.11,1.88,428,70.28,6.59,,0,1,2,0,2
소곱창 구이,171,8.8,11.89,3.71,2.43,296,190.33,2.84,,0,1,1,0,1
소곱창 볶음,178,9,13.58,4.99,1.79,369,97.88,3.11,,0,1,1,0,1
소금빵,373,7.27,16.36,49.09,9.09,545,0,9.09,0,2,0,1,1,2
소내장구이,92,6.75,6.53,0.75,0.1,57,120.37,1.83,,0,0,1,0,0
소등심 스테이크,236.25,11.1,19.3425,2.69,1.7725,172.5,57.82,8.1525,,0,1,2,0,1
소등심구이,317.25,15.9,26.77,0.195,0,312.25,80.3325,11.0225,,0,1,2,0,2
소라무침,122,18.7,1.58,7.46,2,55,42.2,0.26,,0,2,0,0,1
소라산적,150,22.4,3.14,8.06,1.06,496,125.43,0.47,0.02,0,2,0,0,1
소보로빵,394,8.645,14.19,57.925,16.725,342.5,42.115,6.5,0.435,2,1,1,1,2
소불고기,215.6,12.268,15.622,5.342,3.302,329.6,51.242,6.074,0.13,0,1,1,0,1
소사태찜,123.3333333,11.5,4.203333333,9.1,2.59,232,26.73666667,1.136666667,,0,1,0,0,1
소세지빵,262,5.38,15.38,25.38,6.92,354,11.54,3.85,0,1,0,1,1,2
소시지 케첩볶음,216.25,10,14.5,11.18,4.1025,576.25,39.42,4.0975,,0,1,1,0,1
소시지볶음,172.5,7.89,11.24333333,10.00833333,3.271666667,545.1666667,27.23833333,3.37,0.095,0,1,1,0,1
소시지조림,215,11.65,13.06,12.775,4.355,1088,42.76,4.055,,0,1,1,0,1
소시지튀김,295,13,17.575,19.25,1.2925,912,122.1375,4.5825,,1,1,2,0,2
소안심스테이크,197,16.6,12.51,2.64,1.57,242,52.59,5.39,,0,1,1,0,1
소탕,58,5.1,3.57,1.27,0.02,236,0,0.39,0.01,0,0,0,0,0
송어 매운탕,54,6.6,1.35,4.03,1.56,247,18.27,0.32,,0,0,0,0,0
수수밥,128.4,2.438,0.364,27.91,0.062,1.8,0,0.076,0,1,0,0,0,1
수수부꾸미,248,5.73,6.29,42.1,0.24,261,0,0.97,0.03,2,0,1,0,1
수수팥떡,204,6.7,0.59,43.03,2.82,242,0,0.16,0,2,0,0,0,1
소고기수육\,155.5,25.365,4.935,1.69,0.255,343,76.925,1.85,0.26,0,2,0,0,1
소꼬리수육,84,6,6.27,0,0,16,23.58,1.85,,0,0,1,0,0
수제비,88,2.9,0.27,17.65,0.48,96,5.4,0.07,,1,0,0,0,0
김치수제비,67,2.6,0.29,12.81,0.35,178,7.99,0.07,,0,0,0,0,0
숙주나물,20.8,1.484,1.04,1.902,0.418,340.2,0,0.14,0,0,0,0,0,0
순대,190,5.974,6.84,25.702,1.04,533.2,87.776,1.826,0.03,1,0,1,0,1
순대국,51.5,2.898333333,2.181666667,5.155,0.305,182.6666667,18.50666667,0.725,0.015,0,0,0,0,0
순대볶음,117.2,3.488,4.33,16.38,2.046,327.6,13.956,1.434,0.03,1,0,0,0,1
순대전골,76,5.61,3.18,6.28,0.68,160,17.49,1.22,,0,0,0,0,0
순두부찌개,25,3,0.84,1.36,0.61,122,5.06,0.18,,0,0,0,0,0
숭어 매운탕,51,6.8,0.87,4.11,1.56,241,15.99,0.18,,0,0,0,0,0
스크램블드에그,164.5,10.84,12.14166667,1.695,0.586666667,346.3333333,254.53,2.98,0.345,0,1,1,0,1
부채살스테이크,186,10.77,13.41,5.63,2.21,92,30.93,3.47,0.4,0,1,1,0,1
등심스테이크,194,30.22,8.07,0.14,0,134,84.18,3.85,0.35,0,2,1,0,1
안심스테이크,183,34.82,4.83,0.13,0,103,80.25,0.22,0,0,2,0,0,1
알리오올리오,171,4.78,7.44,21.33,1.08,229,13.1,1.03,0.01,1,0,1,0,1
까르보나라,159,4.02,7.78,18.29,2.63,205,9.26,4.79,0.01,1,0,1,0,1
로제파스타,158,4.585,7.865,17.23,3.705,268.5,10.475,4.115,0.025,1,0,1,0,1
크림파스타,226,4.81,17.21,13.06,1.98,226,16.35,10.96,0.04,0,0,1,0,1
뇨끼,172,4.7,8.7,18.8,1.5,345,,4.2,,1,0,1,0,1
미트 토마토 파스타,185,3.13,4.86,30.21,8.33,484,5.9,0.69,,1,0,0,1,1
양송이버섯스프,73.5,1.595,4.075,7.645,2.44,211.5,8.84,2.15,0.055,0,0,0,0,0
시금치 된장국,14.25,1.125,0.31,2.1,0.63,231,0.0775,0.0575,,0,0,0,0,0
시금치나물,37,2.135,2.0125,3.175,0.6925,208.25,0,0.2375,0.12,0,0,0,0,0
시래기 된장국,14.5,0.95,0.415,2.045,0.3675,223,0.0075,0.0575,,0,0,0,0,0
시래기나물,59,2.05,1.715,10.55,3.27,1036.5,0,0.28,,0,0,0,0,0
시래기나물무침,114,4.32,7.28,7.74,0.54,514,0,0.9,0.02,0,0,1,0,1
시루떡,220.5,4.62,1.23,47.835,1.63,236.5,0,0.175,0,2,0,0,0,1
시리얼+우유,85,2.9,2.24,13.15,7,73,6.86,1.39,,0,0,0,1,0
식빵,264,9.34,2.6,50.91,1.56,468,5.57,1.47,0.11,2,1,0,0,2
식혜,87,1.53,1.75,16.21,11.36,2,0,0.04,0,1,0,0,1,0
쌀국수,62,2.3,0.802,11.452,0.48,406.4,8.812,0.194,0.02,0,0,0,0,0
쌀밥,135.3333333,2.586666667,0.333333333,29.63333333,0.11,0.666666667,0,0.1,0,1,0,0,0,1
쌀죽(흰죽),52.5,1.16,0.15,11.44,0,14.5,0,0.05,0,0,0,0,0,0
쑥 된장국,21.33333333,1.8,0.636666667,2.42,0.476666667,217.6666667,4.02,0.103333333,,0,0,0,0,0
쑥갓나물,19,1.3,0.95,1.85,0.1,276.75,0.0075,0.14,,0,0,0,0,0
쑥갓무침,40,2.5,1.96,4.01,0.24,237,0,0.31,,0,0,0,0,0
쑥갓오이무침,37,1.9,1.06,5.575,0.385,156.5,0,0.17,,0,0,0,0,0
쑥떡,249,3.36,0.4,57.89,10.72,254,0,0.2,0,2,0,0,1,1
쑥전(부침개),127,4.8,6.29,13.44,0.02,538,34.08,1.12,,1,0,1,0,1
쑥튀김,234,6.6,13.71,19.95,0.09,552,100.63,2.5,,1,0,1,0,1
씀바귀나물,38,1.5,1.11,6.54,1.87,296,0,0.16,,0,0,0,0,0
씀바귀나물무침,97,3.87,1.73,16.57,1.28,204,0,0.36,0.08,1,0,0,0,0
아구탕,41,6.3,0.82,2.13,0.3,311,53.16,0.13,0,0,0,0,0,0
아귀 매운탕,33,4.3,0.566666667,3.12,0.866666667,190.6666667,11.42333333,0.093333333,,0,0,0,0,0
아귀지리,21,3.97,0.13,0.89,0.2,87,14.01,0.02,,0,0,0,0,0
아귀찜,50.4,6.2,1.306,3.566,0.952,221.6,37.436,0.206,0.015,0,0,0,0,0
아욱 된장국,15.5,1.2,0.3025,2.425,0.36,222.25,0.265,0.055,,0,0,0,0,0
알밥,94.4,2.826,2.034,15.918,0.944,214,25.632,0.326,0.03,1,0,0,0,0
알탕,32,4.585,0.63,2.08,0.33,176.5,61.125,0.12,0.01,0,0,0,0,0
앙버터빵,372,7,19.72,41.64,16.29,221,31.27,10.53,0.39,2,0,2,1,2
애호박 된장국,23,2,0.48,3.18,0.97,283,1.78,0.09,,0,0,0,0,0
애호박 볶음,61.5,1.21,4.285,4.775,1.1,325.5,0,0.595,0.04,0,0,0,0,0
애호박나물,37,1.3,1.44,5.51,2.64,162,0.94,0.21,,0,0,0,0,0
애호박부침개,159,4.6,6.56,19.42,1.2,429,48.65,1.22,,1,0,1,0,1
애호박전,112.2,3.17,7.096,8.65,1.596,172.6,44.862,1.21,0.08,0,0,1,0,1
애호박죽,77,1.4,0.96,15,0.43,57,0,0.16,,1,0,0,0,0
애호박찌개,17,0.9,0.17,3.54,1.53,264,0,0.04,,0,0,0,0,0
애호박찜,73.5,3.725,2.7625,8.7725,2.0075,490.75,8.2075,0.5425,0.07,0,0,0,0,0
약과,399,4.2,4.75,84.89,16.89,57,0,1.22,0.04,2,0,0,1,2
약식,220,4.325,2.385,45.335,11.725,227,0,0.32,0.005,2,0,0,1,1
양념 도토리묵,55,1.1,1.27,9.91,0.15,363,0,0.2,,0,0,0,0,0
양념 돼지고기튀김,189,12.9,8.58,13.89,2.19,347,40.52,1.81,,1,1,1,0,1
양념 바지락젓,50,5.8,1.97,2.07,0.81,1,6.27,0.26,,0,0,0,0,0
양념두부,68,6.2,3.39,2.99,0.09,105,0,0.51,,0,0,0,0,0
양념채김치,53,3.3,1.55,7.5,3.61,1065,8.59,0.27,,0,0,0,0,0
양미리조림,117,13.98666667,3.186666667,6.77,1.753333333,427.6666667,105.77,0.783333333,0.01,0,1,0,0,1
양배추 초나물,65.5,2,2.75,9.445,5.605,175,0,0.43,,0,0,0,1,0
양배추김치,39,2.2,0.39,8.29,4,2099,5.19,0.09,,0,0,0,0,0
양배추나물,71,2.2,3.76,8.69,4.42,799,0.01,0.58,,0,0,0,0,0
양배추오이  샐러드,188,1.8,17.09,8.2,4.28,120,4.94,2.47,,0,0,1,0,1
양상추 샐러드,78.5,1.4,6.215,4.78,3.125,111.5,19.14,0.98,,0,0,1,0,0
양송이 덮밥,93,1.9,0.65,19.64,1.27,46,0,0.12,,1,0,0,0,0
양장피,98.33333333,9.566666667,3.41,7.203333333,2.246666667,406.6666667,76.57666667,0.71,0.03,0,1,0,0,0
양태구이,107,14,5.11,0.1,0,672,39.9,0.76,,0,1,0,0,0
양파 소고기전,155,5,10.63,8.88,3.51,435,44.98,2.11,,0,0,1,0,1
양파링튀김,411,3.86,25.23,43.58,5.43,776,0,4.19,0.16,2,0,2,1,2
양파볶음,63.66666667,0.93,3.966666667,6.313333333,5.63,306.6666667,0,0.55,0.01,0,0,0,1,0
양파장아찌,63,0.6,0.03,16.05,15.42,6050,0,0.01,,1,0,0,1,0
어묵 감자볶음,208.3333333,8.2,9.086666667,23.59666667,4.36,558,12.31333333,1.446666667,,1,1,1,0,1
어묵 매운탕,38.75,2.7,0.845,5.505,1.4,230.25,5.17,0.1625,,0,0,0,0,0
어묵 오이무침,127,7.7,3.073333333,18.16666667,5.5,531.6666667,11.52333333,0.56,,1,1,0,1,1
어묵 우동,61.25,1.85,0.8175,11.1775,0.195,205,0.7375,0.18,,0,0,0,0,0
어묵국,36.5,2.7,0.8575,4.695,0.9175,343.5,8.0875,0.165,,0,0,0,0,0
어묵국물,7,0.5,0.13,1.05,0.14,234,0.03,0.03,,0,0,0,0,0
어묵볶음,178.4,8.422,7.17,20.108,6.03,805.6,13.344,1.182,0.05,1,1,1,1,1
어묵잡채,127,6.6,6.54,10.005,2.23,426.5,15.595,1.72,,0,0,1,0,1
어묵전,274,12.6,11.41,28.78,2.315,913,94.375,2.17,,1,1,1,0,2
어묵조림,169.8,8.366,5.942,20.788,4.554,740.4,12.528,0.99,0.05,1,1,0,0,1
어묵탕,26.5,1.825,0.63,3.52,0.6825,236.25,2.755,0.115,,0,0,0,0,0
어묵튀김,179.25,8.45,8.945,15.65,1.91,811.25,61.8275,1.6375,,1,1,1,0,1
어육소시지전,177,8.23,10.14,12.73,2.04,441,72.72,2.82,,0,1,1,0,1
어죽,69,2.55,0.94,12.6,1.23,263,4.43,0.21,0,0,0,0,0,0
어탕,57,8.47,2.06,1.21,0,323,35.04,0.29,0.01,0,1,0,0,0
얼갈이 겉절이,23.75,1.1825,0.575,4.1325,1.735,241.5,0.2,0.0975,,0,0,0,0,0
얼갈이 나물,48,1.9,3.05,3.98,0.675,1483,0,0.47,,0,0,0,0,0
얼갈이 된장국,12,0.9,0.355,1.6325,0.4075,199.5,0.005,0.0525,,0,0,0,0,0
연근전,82,1.9,3.525,10.26,0.57,14,16.85,0.605,,0,0,0,0,0
연근조림,140.5,2.373333333,2.603333333,27.38833333,3.928,458.1666667,0,0.353333333,0.01,1,0,0,0,1
연근튀김,173.6666667,3.533333333,9.216666667,18.22666667,1.053333333,443.6666667,43.5,1.566666667,,1,0,1,0,1
연두부찌개,42,4.8,1.48,2.59,0.95,291,26.58,0.24,,0,0,0,0,0
연두부찜,67.75,4.975,3.37,4.3625,1.1225,191,0,0.4225,,0,0,0,0,0
연어구이,191.2,22.316,10.556,0.248,0.11,919.6,63.708,1.616,0.08,0,2,1,0,1
연어롤,170,6.19,5.13,24.77,2.82,404,20.66,0.94,0.03,1,0,0,0,1
연어튀김,149,13.1,5.71,9.66,0.01,971,59.01,1.01,,0,1,0,0,1
연포탕,54,9.49,0.9,2.02,0.02,234,105.75,0.18,0.01,0,1,0,0,0
열무 된장국,20,2.1,0.506666667,2.09,0.476666667,335.3333333,5.99,0.1,,0,0,0,0,0
열무김치,36,2.39,0.38,5.87,0.68,583,0,0.06,0,0,0,0,0,0
열무나물,82,3.91,5.3,4.76,0.6,460,0,0.66,0.18,0,0,0,0,0
영양돌솥밥,131.8,2.702,0.888,27.584,1.068,27.8,0,0.19,0.01,1,0,0,0,1
오겹살,408,20.18,35.14,2.72,0.72,76,45.6,10.23,0.24,0,2,2,0,2
오곡밥,158,4.245,0.6375,32.8,0.19,156.5,0,0.1525,0,1,0,0,0,1
오리 간장불고기,98,12.6,2.41,6.16,2.93,313,54.37,0.76,,0,1,0,0,0
오리감자죽,97,3.7,2.14,15.11,0.28,121,9.72,0.41,,1,0,0,0,0
오리고기구이,293,24.06,19.7,4.89,0,708,132.33,4.82,0.09,0,2,2,0,2
오리고기로스,170.25,25.215,6.6525,0.71,0.0775,422.75,119.135,2.3225,,0,2,1,0,1
오리백숙,129,8.483333333,7.436666667,6.49,0.34,251,40.88,2.123333333,0.05,0,1,1,0,1
오리볶음,171,10.47,11.27,7.3,2.65,254,52,3.59,,0,1,1,0,1
오리불고기,107.75,9.9675,4.0025,7.9875,4.3225,275,43.67,1.0375,0.05,0,1,0,0,0
오리죽,155,7.5,4.99,19.95,0,62,36.07,1.16,0.02,1,1,0,0,1
오리탕,110.4,6.456,5.634,8.364,1.886,267.6,27.57,1.636,0.04,0,0,0,0,1
오므라이스,121.8,3.768,3.24,18.686,1.894,212.4,43.234,0.684,0.02,1,0,0,0,1
오믈렛,112.3333333,8.133333333,7.486666667,2.186666667,0.786666667,352,150.5433333,1.986666667,,0,1,1,0,1
오븐스파게티,122,5.6,3.49,16.77,1.75,120,9.37,1.97,,1,0,0,0,1
오이 도라지 생채,41,1.25,0.495,8.9425,3.83,237.25,0,0.0875,,0,0,0,0,0
오이고추 된장무침,32,1.4,0.91,5.18,1.46,313,0,0.15,,0,0,0,0,0
오이김치,38.8,2.432,0.392,7.366,2.278,1631.2,2.528,0.078,0,0,0,0,0,0
오이나물,73,1.3,6.44,2.953333333,1.04,309.6666667,0,0.963333333,,0,0,1,0,0
오이무침,43.33333333,1.466666667,1.803333333,6.336666667,3.173333333,146.3333333,0,0.28,,0,0,0,0,0
오이소박이,37.66666667,2.13,0.486666667,6.73,2.993333333,896.3333333,1.786666667,0.1,0,0,0,0,0,0
오이장아찌,52,1.386666667,2.646666667,5.986666667,3.033333333,1574,0,0.413333333,0,0,0,0,0,0
오이지무침,67.4,1.142,4.136,6.994,3.606,1167.8,0,0.598,0.01,0,0,0,0,0
오징어국,22.6,3.324,0.452,1.38,0.44,207.2,37.602,0.084,0,0,0,0,0,0
오징어무침,87,10.16666667,1.566666667,8.346666667,5.106666667,199,112.3866667,0.316666667,,0,1,0,0,0
오징어볶음,96,9.138333333,3.045,8.073333333,3.016666667,292.8333333,104.025,0.531666667,0.03,0,1,0,0,0
오징어불고기,123,16.4,3.233333333,7.25,2.813333333,366,186.37,0.593333333,,0,1,0,0,1
오징어산적,127,21.72,2.47,4.5,1.14,596,292.81,0.34,0,0,2,0,0,1
오징어순대,88,9.88,1.3,9.05,0.305,342.5,106.135,0.295,0,0,1,0,0,0
오징어젓_양념,60,10.1,0.7,3.4,2.4,2151,144.7,0.2,0,0,1,0,0,0
오징어조림,81.25,10.3125,1.155,7.37,2.9875,584,110.8775,0.2875,0.01,0,1,0,0,0
오징어찌개,28.25,3.4,0.36,2.8825,0.7725,216.25,33.29,0.08,0,0,0,0,0,0
오징어찜,56,8.5,1.32,2.61,0.73,113,85.77,0.26,,0,1,0,0,0
오징어채무침,240.8,29.4,5.798,17.414,8.038,930.2,341.506,1.118,0.03,1,2,0,1,1
오징어채볶음,157.8,16.89,5.022,11.068,5.918,502.4,103.704,0.784,0.05,0,1,0,1,1
오징어채조림,240,23.52,4.9,25.36,13.78,1130,236.72,0.82,0.02,1,2,0,1,1
오징어탕수,178,11.025,7.8575,14.8525,4.8775,245.75,141.99,1.38,,1,1,1,0,1
오징어튀김,122,8.7,6.135,6.895,0.03,175.5,105.68,1.04,,0,1,1,0,1
오징어포조림,133,15.5,1.77,13.03,5.79,449,209.6,0.43,,0,1,0,1,1
옥돔구이,39,4.91,1.92,0.11,0,33,23.02,0.34,,0,0,0,0,0
찐옥수수,185,6.68,2.42,34.2,2.36,90,0,0.29,0,1,0,0,0,1
옥수수구이,148,1.43,9.01,15.41,4,173,3.84,1.55,,1,0,1,0,1
옥수수밥,127.25,2.45,0.4475,27.325,0.405,2.75,0,0.1125,,1,0,0,0,1
옥수수부침,178.6666667,3.2,7.63,23.93333333,2.516666667,432.3333333,0.356666667,1.146666667,,1,0,1,0,1
옥수수샐러드,129.5,1.35,7.335,15.01,5.575,261,2.085,1.06,,1,0,1,1,1
올갱이국,24,2.28,0.7,2.17,0.27,336,14.23,0.13,0,0,0,0,0,0
올갱이국수,38,0.75,0.55,7.44,1.24,258,0,0.1,0,0,0,0,0,0
크로플,351,6.641666667,1.8,6.31,11.295,332,5.96,10.31666667,0.05,0,0,0,1,2
완두콩밥,124.75,2.45,0.36,26.7175,0.1625,1.5,0,0.1,,1,0,0,0,1
완자전,265.25,9.05,19.125,13.26,0.45,136.25,72.96,4.1375,,0,1,2,0,2
완자조림,170.25,14,6.4125,12.8375,2.49,224,54.5875,1.415,,0,1,1,0,1
우거지나물무침,86,3,5.67,5.8,1,515,0.87,0.67,0.07,0,0,0,0,0
우동,61.25,1.8425,0.8175,11.19,0.2025,203.75,0.7375,0.18,,0,0,0,0,0
우동볶음,128,2.8,2.01,24.79,0.43,257,0,0.49,0.03,1,0,0,0,1
우럭 매운탕,30,3.75,0.555,2.74,0.905,159,1.655,0.13,,0,0,0,0,0
우럭구이,143,17.36666667,7.283333333,0.58,0,884.3333333,67.46666667,1.18,,0,1,1,0,1
우럭튀김,289,24.7,12.12,19.21,0.02,1919,52.28,2.29,,1,2,1,0,2
우럭회덮밥,67,3.49,0.77,11.47,1.55,64,1.85,0.14,,0,0,0,0,0
우엉 양념구이,67,1.7,1.41,12.06,1.59,60,0,0.22,,0,0,0,0,0
우엉볶음,112.5,2.9,6.4,11.465,1.93,321,0,0.965,,0,0,1,0,1
우엉조림,117.6,3.532,2.658,20.708,9.434,517.2,0.574,0.462,0.07,1,0,0,1,1
울면,79,4.02,0.855,13.435,0.405,219,37.11,0.21,0,1,0,0,0,0
월남쌈,118,5.94,4.97,12.25,5.5,230,31.58,2.13,0.02,0,0,0,1,1
유과,424,2.81,12.83,74.23,24.15,23,0,1.37,0.04,2,0,1,2,2
유부 된장국,72.5,4.8,4.655,2.71,0.645,324,5.625,0.735,,0,0,0,0,0
유부 초밥,199.3333333,5.866666667,6.91,27.1,2.216666667,133.3333333,0,1.103333333,,1,0,1,0,1
유부조림,254,13.7,18.34,7.95,3.23,243,0,2.85,,0,1,2,0,2
유산슬,73,7.81,2.863333333,4.153333333,1.103333333,248,46.23666667,0.523333333,0.03,0,1,0,0,0
유채나물,53.6,4.4,2.196,5.76,1,643,0,0.318,0.04,0,0,0,0,0
유채무침,60,3.4,0.67,12.47,6.2,227,0,0.12,,0,0,0,1,0
육개장,38.5,3.34,2.065,1.535,0.54,266,15.07,0.5,0,0,0,0,0,0
육회,144,9.715,7.04,10.645,7.54,331,44.985,2.045,0.08,0,1,1,1,1
율무밥,118,2.2275,0.1725,25.55,0.01,2,0,0.05,,1,0,0,0,1
율무죽,77,3.26,0.98,13.75,0.1,1,0,0.15,0,1,0,0,0,0
은대구구이,137,9.2,10.5,0.03,0,762,53.2,2.14,,0,1,1,0,1
인절미,242,5.64,2.16,50.07,6.35,297,0,0.24,0,2,0,0,1,1
임연수구이,174.4,18.064,10.292,0.856,0,641.6,63.912,1.984,0.68,0,1,1,0,1
임연수조림,117.5,12.9,4.49,5.725,3.26,254.5,41.27,0.955,,0,1,0,0,1
임연수튀김,275.5,19.6,14.7625,13.3725,0.02,901.5,92.315,2.7475,,1,2,1,0,2
잉어 매운탕,52,5.7,1.5,4.08,1.56,231,19.04,0.28,,0,0,0,0,0
자장면,120.1666667,3.821666667,2.045,21.03166667,2.51,339.6666667,2.23,0.518333333,0.02,1,0,0,0,1
자장밥,135,3.66,4.59,19.79,0.55,274,5.52,1.145,0.02,1,0,0,0,1
잔멸치 튀김,67,4,4.12,2.9,0,510,36.92,0.66,,0,0,0,0,0
잔멸치볶음,177,17.4675,6.4825,11.6425,5.5625,1067.25,88.65,1.1425,0.05,0,1,1,1,1
잡곡밥,128.6666667,3.533333333,0.656666667,26.61,0.263333333,1.666666667,0,0.16,0,1,0,0,0,1
잡채,146,4.71,3.3,24.26,0.73,360,22.66,0.55,0.07,1,0,0,0,1
잡채밥,114.8,3.144,1.884,20.702,0.668,109.8,3.7,0.324,0.05,1,0,0,0,1
잡탕밥,109.5,5.69,2.26,16.31,0.165,184.5,37.195,0.455,0.02,1,0,0,0,0
잡탕전골,56,4.9,1.73,4.99,0.73,279,23.68,0.47,,0,0,0,0,0
잣죽,132.3333333,2.746666667,3.83,21.64333333,0.356666667,144.6666667,0,0.323333333,0.03,1,0,0,0,1
장국국수,107.75,4.8,2.3525,15.675,0.445,420.5,21.3175,0.6075,,1,0,0,0,0
장떡,197,3.67,7.64,27.28,2.26,267,0,1.16,,1,0,1,0,1
장어 덮밥,95,3.5,1.99,15.04,0.42,80,23.52,0.48,,1,0,0,0,0
장어 양념구이,331,16.5,21.405,16.9,5.14,774.5,198.985,5.685,,1,1,2,0,2
장어 초밥,95,3.5,1.99,15.04,0.42,80,23.52,0.48,,1,0,0,0,0
장어구이,196.5,14.935,12.73,5.5,1.16,264.5,122.63,3.45,0.34,0,1,1,0,1
장어매운탕,46.66666667,4.6,1.71,3.263333333,1.24,183.3333333,35.76666667,0.393333333,,0,0,0,0,0
장어탕,67,4.32,3.91,3.68,2.66,387,33.75,0.63,0.02,0,0,0,0,0
장어튀김,209,10.2,14.75,6.64,0.01,899,137.7,3.71,,0,1,1,0,1
재첩국,21,1.485,0.455,2.8,0.065,174.5,3.15,0.06,0,0,0,0,0,0
쟁반국수,112,4.1,2.325,18.95,2.895,161.5,26.82,0.545,,1,0,0,0,1
쟁반짜장,145,5.85,2.63,23.63,2.42,321,18.56,0.53,,1,0,0,0,1
적어구이,174,20.9,9.04,0.31,0,1203,69.39,1.32,,0,2,1,0,1
적어조림,54,7,0.95,3.33,1.09,142,21.68,0.14,,0,0,0,0,0
전갱이구이,226,27.7,11.75,0.17,0,1200,97.77,2.34,,0,2,1,0,1
전복죽,103,2.755,2.9175,15.7625,0.0875,192,12.955,0.37,0,1,0,0,0,0
전복탕,33,4.47,0.5,2.63,0.22,296,48.56,0.1,0,0,0,0,0,0
전어구이,33,5.86,0.82,0.06,0,193,21.38,0.25,,0,0,0,0,0
전어조림,60,9,1.22,1.9,0.69,93,31.13,0.36,,0,1,0,0,0
절편,197,3.82,0.8,43.58,0.08,258,0,0.25,0,2,0,0,0,1
돼지고기 수육,149,16.76666667,7.703333333,1.616666667,0.35,300.3333333,60.16,2.763333333,,0,1,1,0,1
키조개구이,130,17.43,2.07,10.44,3.6,454,25.29,0.09,0,0,1,0,0,1
조개국,16,1.67,0.89,0.25,0.18,297,4.01,0.05,0,0,0,0,0,0
조개탕,12,1.8,0.15,0.7,0.18,111,2.98,0.03,,0,0,0,0,0
조기구이,156.8,16.886,8.5,2.012,0.018,702,54.2,1.9,0.12,0,1,1,0,1
조기조림,128,13.7,6.27,4.27,1.5,590,76.06,1.67,0.03,0,1,1,0,1
조기찌개,23,2.4,0.64,1.93,0.59,94,5.5,0.16,,0,0,0,0,0
조기찜,108,12.82,5.216666667,2.266666667,0.586666667,284.6666667,61.47,1.356666667,0.08,0,1,0,0,0
조기튀김,144,13.4,7.77,3.62,0.01,84,60.51,1.6,,0,1,1,0,1
족발,226.5,27.475,12.78,0.465,0.14,338.5,92.13,4.215,0.05,0,2,1,0,1
주꾸미볶음,84.66666667,7.653333333,2.133333333,9.143333333,2.903333333,317,133.5866667,0.306666667,0.01,0,1,0,0,0
주꾸미삼겹살,161,10.11,8.66,10.66,5.41,280,70.76,2.29,0.03,0,1,1,1,1
주먹밥,135,2.3,2.09,25.52,0.88,105,0,0.36,,1,0,0,0,1
죽순볶음,133,4.3,10.85,6.19,1.48,1,0,1.65,,0,0,1,0,1
중식우동,91,4.73,0.84,15.29,0.82,202,28.82,0.21,,1,0,0,0,0
중식잡채,83,2.3,2.24,13.58,1.13,112,5.34,0.54,,1,0,0,0,0
쥐포무침,318.5,27.75,7.935,34.61,23.035,1461.5,66.7,1.32,,1,2,1,2,2
쥐포조림,189.4,14.966,4.168,23.156,14.488,678.2,40.52,0.68,0.04,1,1,0,1,1
쥐포튀김,270.5,11.66,12.97,26.52,8.195,504,32.005,1.875,0.1,1,1,1,1,2
증편,200,3.17,1.2,44.15,3.19,284,0,0.15,0,2,0,0,0,1
지리탕,44,6.93,1.03,1.65,0.25,246,47.18,0.18,0.02,0,0,0,0,0
짜사이무침,43,0.4,3.04,3.66,2.8,947,0,0.46,,0,0,0,0,0
짬뽕,70.4,3.078,1.298,11.41,0.778,149,13.974,0.236,0.01,0,0,0,0,0
차돌짬뽕,88,4.58,3.42,9.82,0.69,342,17.83,0.85,0.02,0,0,0,0,0
짬뽕밥,76.66666667,3.3,1.363333333,12.46,0.79,116,21.27333333,0.276666667,0.01,0,0,0,0,0
쫄면,120.4,3.32,1.212,23.828,3.976,510.6,3.868,0.206,0,1,0,0,0,1
쫄볶이,150,4.7,1.41,29.37,3.97,652,10.84,0.58,,1,0,0,0,1
차돌박이구이,488,17.94,45.69,1.31,0.33,93,47.28,16.24,3.79,0,1,2,0,2
차조밥,126.8,2.344,0.332,27.566,0.06,1.6,0,0.08,0,1,0,0,0,1
찰밥,131,2.93,0.286666667,28.35333333,0.256666667,1.666666667,0,0.086666667,0,1,0,0,0,1
찰시루떡,181,6.63,0.41,37.63,1.22,182,0,0.13,0,2,0,0,0,1
참나물,37.6,1.428,1.534,5.236,0.276,202.4,0,0.246,0.01,0,0,0,0,0
참나물 무침,15,0.7,0.71,1.85,0.14,99,0,0.11,,0,0,0,0,0
참치 미역국,27.33333333,2.9,1.566666667,0.84,0,250.6666667,4.34,0.18,,0,0,0,0,0
참치 샐러드,223.75,13.2,17.685,2.8625,1.7325,264,26.665,2.2875,,0,1,2,0,1
참치 완자전,220,18.8,8.84,14.84,1.73,962,68.45,1.37,,1,2,1,0,1
참치강정,291.5,24.5,10.69,22.365,6.455,854,36.775,1.94,,1,2,1,1,2
참치구이,317,33.5,19.02,0.05,0,1130,10.87,5.4,,0,2,2,0,2
참치덮밥,108,5.8,2.13,15.91,2.05,341,6.14,0.28,,1,0,0,0,0
참치죽,64.2,2.584,1.76,9.418,0.336,137.8,3.28,0.23,0.01,0,0,0,0,0
참치찌개,43,5.533333333,1,3.07,1.256666667,314.6666667,7.606666667,0.103333333,,0,0,0,0,0
찹쌀떡,259,3.98,0.33,60.05,18.72,244,0,0.15,0,2,0,0,1,2
찹쌀죽,63,1.1,0.27,13.39,0.05,130,0,0.06,,1,0,0,0,0
채소 꼬치구이,91,2.8,2.3,14.29,0.98,406,11.61,0.52,,1,0,0,0,0
채소밥,114.3333333,2.6,0.913333333,23.13,0.353333333,134.3333333,0,0.18,,1,0,0,0,1
채소전,184.1666667,4.391666667,7.548333333,23.66333333,1.378333333,249.3333333,26.2,1.36,0.08,1,0,1,0,1
채소죽,58.5,1.41,0.66,11.5925,0.68,155.5,0,0.135,0.005,0,0,0,0,0
채소튀김,157.5,2.35,7.895,18.5,1.36,468,2.82,1.2025,,1,0,1,0,1
천사채무침,73,3.3,5.51,2.95,0.65,248,32.3,1.23,,0,0,0,0,0
청경채나물,14,1.06,0.58,1.59,0.23,156,0.02,0.09,,0,0,0,0,0
청국장찌개,46,4.515,1.56,3.415,0.475,267.5,1.89,0.325,0.01,0,0,0,0,0
청어구이,129,8.2,10.03,0.22,0,391,32.5,1.85,,0,1,1,0,1
초당순두부,58,5.46,3.24,1.76,0.1,134,0,0.42,0,0,0,0,0,0
초밥_광어,151,9.02,1.31,25.85,2.57,270,15.58,0.35,0.01,1,1,0,0,1
초밥_농어,159,6.97,0.53,31.5,5.2,414,10.6,0.26,0.01,1,0,0,0,1
초밥_모듬,157,9.065,1.805,26.1,2.14,232.5,21.525,0.455,0.015,1,1,0,0,1
초밥_문어,157,5.85,0.3,32.71,5.35,480,28.03,0.14,0,1,0,0,1,1
초밥_새우,130,7.78,1.94,20.41,3.95,451,56.34,0.19,0,1,1,0,0,1
초밥_연어,207,11.2,9.36,19.59,3.62,278,27.84,1.23,0.03,1,1,1,0,1
초밥_한치,150,5.48,0.34,31.17,5.25,480,40.03,0.18,0,1,0,0,1,1
초코소라빵,319,3.29,10.93,51.76,9.29,215,19.61,4.34,0.03,2,0,1,1,2
총각김치,42,1.92,0.29,7.89,3,630,0,0.05,0,0,0,0,0,0
추어탕,35.5,3.258333333,1.405,2.546666667,0.41,236.1666667,21.84,0.186666667,0.005,0,0,0,0,0
충무김밥,137,4.68,1.695,25.44,2.585,255,27.28,0.33,0.01,1,0,0,0,1
취나물무침,73.66666667,2.05,4.913333333,6.013333333,0.89,360.3333333,0,0.686666667,0.05,0,0,0,0,0
츄러스,273,5.4,7.79,44.455,12.87,333,6.045,1.61,0.19,2,0,1,1,2
치아바타,276,7.57,6.49,45.95,3.24,530,0,0.86,0,2,1,1,0,2
치즈볼,333,9.56,20,28.66,5.48,532,23.23,7.33,0.48,1,1,2,1,2
치즈스틱,329,14.295,20.315,22.285,1.96,635.5,21.13,7.08,0.21,1,1,2,0,2
치커리무침,16,0.8,0.48,2.35,0.69,171,0,0.08,,0,0,0,0,0
치킨가스,296,13.96,16.96,22.01,2.08,390,36.48,4.21,0.13,1,1,1,0,2
치킨데리야끼,138.5,17.285,3.0625,10.1175,2.985,310.5,46.42,0.79,0.06,0,1,0,0,1
칠면조구이,207,30.6,7.98,0.96,0.11,551,101.17,2.06,,0,2,1,0,1
카레라이스,108,3.11,1.4,20.74,0.16,210,2.79,0.44,0.04,1,0,0,0,0
카스텔라,335,10.03,11.47,47.99,33.77,63,211.21,1.14,0.01,2,1,1,2,2
닭칼국수,60,4.296666667,0.793333333,8.633333333,0.31,126,9.35,0.166666667,0,0,0,0,0,0
들깨칼국수,94.5,3.17,2.74,14.195,0.195,174,0.285,0.25,0,1,0,0,0,0
바지락칼국수,61,2.643333333,0.556666667,11.2,0.286666667,161.3333333,9.133333333,0.143333333,0,0,0,0,0,0
캘리포니아롤,163,4.11,3.02,29.74,2.97,432,21.99,0.71,0.02,1,0,0,0,1
초콜릿 케이크,350,4.44,26.67,41.11,11.11,83,61.11,4.56,0,2,0,2,1,2
생크림 케이크,235,3,14,26,7,95,60,9,0.35,1,0,1,1,1
브라우니,449,5.88,25.88,48.24,41.18,52,101.18,7.06,0,2,0,2,2,2
티라미수,270,4,22,23,14,65,105,12,0.35,1,0,2,1,2
치즈 케이크,349.25,5.8875,24.775,25.685,18.9775,235,111.94,16.085,0.475,1,0,2,1,2
코다리조림,72.5,11.69,0.985,3.935,1.7425,347.5,40.805,0.17,0.02,0,1,0,0,0
코다리찜,55.6,7.698,0.99,4.208,1.172,243.2,25.536,0.174,0.01,0,1,0,0,0
콘치즈구이,134.2,3.922,6.304,15.326,3.894,186.2,11.804,2.564,0.11,1,0,1,0,1
콩국수,98.6,4.762,2.534,13.844,0.728,209.2,0.54,0.28,0,1,0,0,0,0
콩나물 느타리무침,45.5,3.05,2.8,4.28,0.585,184,0,0.44,,0,0,0,0,0
콩나물 된장국,24.5,2.7,0.69,2.535,0.62,273.5,2.47,0.13,,0,0,0,0,0
콩나물 황태국,30,4.6,0.87,0.99,0.3,129,25.92,0.23,,0,0,0,0,0
콩나물국,6,0.746666667,0.143333333,0.683333333,0.123333333,165,1.593333333,0.033333333,0,0,0,0,0,0
콩나물냉채,27,2.1,0.79,4.05,1.91,202,0.1,0.14,,0,0,0,0,0
콩나물무침,44,2.73,2.845,2.325,0.31,262.5,0,0.335,0,0,0,0,0,0
콩나물밥,123,4.68,1.58,22.39,0.04,272,3.14,0.42,0.01,1,0,0,0,1
콩나물잡채,73,3.5,5.175,3.8925,1.7975,135.25,6,1.315,,0,0,0,0,0
콩나물찌개,12,1.6,0.37,1.09,0.13,219,5.34,0.08,,0,0,0,0,0
콩밥,173,4.38,0.39,38.04,0.1,25,0,0.14,0,2,0,0,0,1
콩비지찌개,47.75,4.115,1.6825,4.0775,1.385,210,4.9125,0.335,0.01,0,0,0,0,0
콩조림(콩자반),276,18.635,5.965,36.965,3.53,967.5,0,0.335,0,2,2,0,0,2
크로와상,446,7.52,26.98,43.31,6.1,457,24.5,9.75,0.27,2,1,2,1,2
크로켓(고로케)_명품잡채 고로케,275,5.83,15,30,7.5,458,8.33,2.75,0,1,0,1,1,2
크로켓(고로케)_야채감자 고로케,304,6.09,16.52,32.17,6.09,391,4.35,3.22,0,1,0,1,1,2
크로켓(고로케)_채소,301,7.13,16.38,31.19,3.37,403,41.89,3.59,0.15,1,0,1,0,2
에그타르트,280.3333333,5.3,14.7,33.05,13.03333333,137,110,7.233333333,0.7,1,0,1,1,2
탄탄면,174,5.73,7.4,21,3.1,339,6.52,1.02,0.04,1,0,1,0,1
탕수어,249,11.23333333,6.84,34.37333333,7.49,286,56.84,1.113333333,,1,1,1,1,1
탕수육,164.5,10.25,6.8175,14.6575,4.545,147,37.045,1.4675,,1,1,1,0,1
김치피자탕수육,227,12.36,10.67,20.47,7.37,399,22.22,4.06,0.07,1,1,1,1,1
탕평채,74.6,2.63,3.798,7.608,0.414,386.4,15.696,1.146,0.03,0,0,0,0,0
토란국,29.25,1.675,1.11,3.295,0.24,187,3.9575,0.345,0,0,0,0,0,0
토란대나물,32,0.9,1.68,3.88,1.12,174,0.01,0.17,,0,0,0,0,0
토란대나물무침,68,5.14,3.38,4.22,0.39,222,24.41,0.46,0.02,0,0,0,0,0
토스트(식빵),84,2.5,1.33,15.55,2.61,140,0,0.78,,1,0,0,0,0
톳나물무침,75,1.87,2.09,12.28,6.94,600,0,0.3,0.01,0,0,0,1,0
톳나물초무침,19,1.11,0.37,4.78,1.61,93,0.01,0.06,,0,0,0,0,0
파강회,42,1.2,1.71,6.33,3.39,276,0,0.29,,0,0,0,0,0
파김치,49,2.5,0.58,8.51,2.8,655,0,0.11,0,0,0,0,0,0
파래무침,44.25,3.2575,1.405,6.4775,0.975,598,0.5425,0.2,0.03,0,0,0,0,0
파래볶음,56,1.82,4.7225,3.7425,0.7075,181.75,0,0.7075,,0,0,0,0,0
파래전,197,4.74,5.03,31.77,0.83,283,12.99,0.84,,1,0,0,0,1
파무침,51.5,1.726666667,2.251666667,6.635,3.91,277,2.67,0.318333333,0.02,0,0,0,0,0
파운드케이크,226,3.5,11.79,26.67,9.33,119,47.29,5.75,,1,0,1,1,1
파전,170.6666667,4.586666667,7.883333333,19.53,0.396666667,299.3333333,40.35666667,1.36,0.05,1,0,1,0,1
팔보채,100,11.77333333,4.37,2.716666667,1.14,616.6666667,78.57666667,0.813333333,0.02,0,1,0,0,0
팝콘,511,8.3,27.34,58.06,0.38,500,0.49,11.05,0.06,2,1,2,0,2
팟타이,146,3.98,6.2,18.54,5.41,270,39.68,0.96,0.03,1,0,1,1,1
팥밥,124.25,2.65,0.3075,26.5525,0.13,2,0,0.0875,,1,0,0,0,1
팥죽,95,3.494,0.214,19.45,2.316,136.8,0,0.06,0,1,0,0,0,0
폭찹,124,12.2,5.35,5.73,3.49,164,27.47,1.3,,0,1,0,0,1
표고버섯볶음,34.75,1.7,2.0975,3.97,0.9275,143.25,1.8125,0.3375,,0,0,0,0,0
풋고추된장무침,45,1.9,0.92,7.94,2.16,390.6666667,0,0.15,,0,0,0,0,0
풋고추볶음,70,1.93,3.23,8.25,4.34,276,0,0.58,0.03,0,0,0,0,0
풋고추찜,53,2.305,1.01,8.925,1.19,528.5,0,0.145,0,0,0,0,0,0
풋마늘무침,57,2.416666667,1.526666667,9.636666667,4.97,241.6666667,0.003333333,0.226666667,0.01,0,0,0,0,0
프레즐,312,8.37,6.45,55.14,7.94,215,19.78,4.25,0.11,2,1,1,1,2
피망볶음,111,1.5,7.565,9.6,2.06,381,0,1.125,,0,0,1,0,1
피자,182.75,9.425,6.575,20.8725,2.1675,178.25,22.37,3.4275,,1,1,1,0,1
피자빵,298,8.85,15.05,31.76,8.11,637,45.6,4.92,0.25,1,1,1,1,2
피조개무침,64.5,6.055,1.14,7.775,4.29,265,17.57,0.22,0.01,0,0,0,0,0
하이라이스,114.3333333,3.34,1.37,21.58333333,0.663333333,126.6666667,2.596666667,0.24,0,1,0,0,0,1
함박스테이크,203.8333333,17.01333333,9.211666667,11.91333333,3.931666667,460.1666667,68.12,2.756666667,0.145,0,1,1,0,1
핫도그,341,7.98,23.23,24.95,3.95,398,12.64,3.44,0.05,1,1,2,0,2
핫케이크,193,4.7,5.18,30.48,5.54,339,51.44,2.59,,1,0,0,1,1
해물 덮밥,78,3.8,0.39,14.15,0.69,68,26.88,0.1,,1,0,0,0,0
해물 된장국,37.5,5.75,0.6775,1.92,0.6675,306.75,34.365,0.13,,0,0,0,0,0
해물 매운탕,33.5,5.6,0.525,1.855,0.5,189.5,41.885,0.095,,0,0,0,0,0
해물 스파게티,82,4.8,1.13,12.78,1.906666667,111.6666667,19.90333333,0.24,,0,0,0,0,0
해물 완자전,221,15.4,10.05,15.665,2.09,161,124.395,1.63,,1,1,1,0,1
해물 채소전,195,10.7,7.77,18.92,1.24,267,92.27,1.34,,1,1,1,0,1
해물볶음,109.25,11.2875,3.7125,7.515,2.5075,476.75,93.9375,0.6075,0.03,0,1,0,0,0
해물전골,26,3.2,0.64,1.95,0.52,178,19.66,0.11,,0,0,0,0,0
해물찜,80,8.52,1.96,7.08,1.1,427,83.83,0.3,0,0,1,0,0,0
해물탕,45,6.63,0.78,2.77,0.13,341,78.25,0.13,0,0,0,0,0,0
해물파전,125.3333333,8.566666667,4.276666667,12.18666667,0.703333333,148.3333333,83.54333333,0.793333333,,0,1,0,0,1
해신탕,57,7.93,1.88,2.03,0.41,266,51.03,0.38,0,0,1,0,0,0
해장국_뼈다귀,48.5,5.325,2.27,1.7,0.6,327.5,20.81,0.82,0.005,0,0,0,0,0
해장국_선지,30,4.395,0.75,1.45,0.195,309.5,26.05,0.2,0.005,0,0,0,0,0
해장국_우거지,26,1.98,0.98,2.25,0.42,342,3.73,0.2,0,0,0,0,0,0
해초무침,39,0.95,0.16,8.52,3.95,862,0,0.06,0,0,0,0,0,0
해파리냉채,37,1.833333333,0.57,6.6,3.606666667,605.3333333,1.343333333,0.086666667,,0,0,0,0,0
햄구이,177.5,20.275,9.6075,2.3575,1.65,755.25,51.5175,2.9625,,0,2,1,0,1
햄버거_돼지고기,204,9.1,9.69,19.35,2.85,408,26.87,3.26,,1,1,1,0,1
햄버거_소고기패티,271,11.94,8.94,35.76,6.59,594,14.77,4.21,0.33,2,1,1,1,2
햄버거_치킨,123,7.5,4.06,13.92,2.37,265,14.32,1.63,,1,1,0,0,1
햄볶음_채소,183,10.47,11.37,9.6,3.33,803,32.49,3.6,0.08,0,1,1,0,1
햄부침,216.6,14.78,11.8,11.724,0.896,526,92.682,2.848,0.1,0,1,1,0,1
햄샌드위치,188.5,5.35,10.19,18.94,2.895,305,13.84,3.585,,1,0,1,0,1
햄샐러드,124.75,4.025,5.4425,15.1675,5.3375,199.5,8.9675,1.05,,1,0,0,1,1
햄전,220.5,14.87,13.58,8.335,1.02,515.5,92.19,3.61,,0,1,1,0,1
햄채소볶음,181.75,8.95,12.475,8.93,5.1325,464.25,19.51,2.94,,0,1,1,0,1
현미밥,130.2,2.44,0.396,28.366,0.142,1.2,0,0.116,0,1,0,0,0,1
현미죽,64,1.2,0.4,15.2,0.4,1,0,0.09,0,1,0,0,0,0
호떡,147,2.7,5.91,20.14,4.76,2,0,0.86,,1,0,0,0,1
호박 된장국,17,1.2,0.4,2.17,0.49,212,0.3,0.07,,0,0,0,0,0
호박고지볶음,104,2.4,2.17,20.28,9.98,911,0,0.32,,1,0,0,1,0
호박나물,46,0.9,3.055,4.265,1.93,290.5,0.69,0.45,,0,0,0,0,0
호박볶음_호박,27,0.84,1.32,3.53,1.62,234,1.31,0.19,,0,0,0,0,0
호박오가리나물무침,201,6.14,10.01,21.46,6.82,1849,0,1.65,0.13,1,0,1,1,1
호박잎 된장국,17,1.3,0.37,2.53,0.54,183,0.06,0.06,,0,0,0,0,0
호박전,122.75,3.3825,7.3775,10.47,1.6525,181,46.45,1.3125,0.04,0,0,1,0,1
호박죽,51.8,1.184,0.488,10.896,3.428,100.2,0,0.042,0,0,0,0,0,0
호박찌개,32,1.87,0.87,4.07,1.93,341,3.09,0.13,0,0,0,0,0,0
혼합잡곡밥,118,2.4,0.34,25.2875,0.14,5.75,0,0.0825,,1,0,0,0,1
홍어무침,99,8.93,1.32,12.98,7.23,401,28.51,0.18,0,0,1,0,1,0
홍어찌개,51,7.7,0.97,3.15,0.79,84,25.46,0.17,,0,1,0,0,0
홍어찜,41,7.2,0.54,1.49,0.29,267,29.91,0.09,,0,0,0,0,0
홍어회무침,72,7.9,1.27,7.725,4.075,610.5,31.345,0.215,,0,1,0,0,0
홍합 무국,20.33333333,2.633333333,0.443333333,1.34,0.24,151,9.383333333,0.09,,0,0,0,0,0
홍합 미나리죽,64,1.9,0.305,13.125,0.77,85,1.88,0.07,,0,0,0,0,0
홍합국(홍합탕),17,2.8,0.24,0.75,0.04,110.25,10.5475,0.06,,0,0,0,0,0
홍합산적,196,22.23,6,13.22,4.17,900,75.89,1.04,0.05,0,2,0,0,1
화양적,155,9.725,8.27,10.31,0.985,523.5,63.965,2.025,0.06,0,1,1,0,1
황태구이,219,23.9,7.7,13.45,7.1,568,105.79,1.2,0.05,1,2,1,1,1
황태콩나물찜,82,10.17,1.99,6.92,1.74,244,19.43,0.35,,0,1,0,0,0
황태해장국,30,4.08,1.13,0.95,0.25,256,25.05,0.18,0,0,0,0,0,0
회덮밥,137,6.04,3.31,20.66,2.19,149,17.73,0.58,0.02,1,0,0,0,1
회무침,82,8.09,1.65,8.6,4.53,275,26.4,0.52,0.03,0,1,0,0,0
훈제오리,289,22.035,20.395,4.345,0.26,688,103.22,5.54,0.14,0,2,2,0,2
훠궈_소고기,93,4.81,5.11,6.83,1.13,390,9.65,0.97,0.07,0,0,0,0,0
흑미밥,119,2.18,0.2675,25.7725,0.095,2,0,0.075,,1,0,0,0,1
흑임자 죽,83.5,1.65,4.05,10,0.45,144.5,0,0.405,0.09,0,0,0,0,0
